Latitude,Longitude,City,Country,Temperature,Humidity (%),Cloudiness (%),Windspeed (mph)
-31.259131357220248,-9.141725051174745,Arraial Do Cabo,BR,76.17,84,36,18.37
41.26379062637375,4.107260929498267,Ardesen,TR,64.4,34,0,24.16
31.442604373277987,160.84295741541433,Damietta,EG,69.8,83,40,8.05
-44.380240230249925,123.00546621027956,Chuy,UY,47.91,93,0,8.63
-46.14902218195744,1.7401600002247903,Mar Del Plata,AR,53.6,58,0,17.22
10.92564136806783,144.62847525405493,Duku,NG,69.15,65,8,2.59
-5.7654290439840565,117.41531995927897,Georgetown,SH,73.4,94,0,4.7
-62.32409192255059,-6.4619824763584575,Ushuaia,AR,33.8,100,90,24.16
28.371596244774622,169.6154123783486,Matay,EG,58.03,90,0,4.83
74.65390160236737,27.006853978645154,Dikson,RU,-2.36,100,20,18.7
-7.905854294489444,-92.03419768468616,Georgetown,SH,73.4,94,0,4.7
70.35415014153278,48.98086157910498,Yar-Sale,RU,10.74,100,80,7.74
32.7475485949422,121.16345411981877,Port Said,EG,69.8,83,40,8.05
-82.93928438435769,-160.42584676107762,Ushuaia,AR,33.8,100,90,24.16
73.28937795164,159.99770152760385,Yar-Sale,RU,10.74,100,80,7.74
-84.5243434634246,45.63815553757604,Ushuaia,AR,33.8,100,90,24.16
0.24665728153379973,-109.39736978579548,Takoradi,GH,78.24,100,24,6.06
-55.29633504788454,168.05449964885526,Ushuaia,AR,33.8,100,90,24.16
-86.90973644248561,106.16700263840693,Ushuaia,AR,33.8,100,90,24.16
-73.98324870014882,44.470276029330506,Ushuaia,AR,33.8,100,90,24.16
3.0764510318719402,54.869271808880114,Cotonou,BJ,80.6,88,40,4.7
-81.09370787788443,173.60487296947304,Ushuaia,AR,33.8,100,90,24.16
-52.4037479873717,-35.38459951059039,Necochea,AR,52.63,76,80,18.25
53.07415868596888,-11.454115495798334,Pleshanovo,RU,32.56,94,88,9.42
54.11918527933,-99.81934048982899,Belebey,RU,32.52,98,92,9.86
-25.396338492693104,165.38921476993403,Vila Velha,BR,77.0,73,0,11.41
-23.678424738402327,89.87651557507985,Caravelas,BR,77.74,98,24,17.81
-25.286027566576806,175.33485315758475,Vila Velha,BR,77.0,73,0,11.41
48.73451798515484,-34.071739168621974,Aleksandrov Gay,RU,29.91,94,56,12.88
7.779527969181359,-105.87092944870953,Ankpa,NG,76.39,84,0,7.52
-10.883366204943385,51.61691919175425,Georgetown,SH,73.4,94,0,4.7
-60.426702173960415,65.32180615949324,Ushuaia,AR,33.8,100,90,24.16
16.212693124920932,31.658656208951186,Mao,TD,46.4,93,20,3.36
57.36354946379333,-36.383400204114906,Ust-Kishert,RU,30.13,89,80,10.2
-79.96126114801442,-148.86463638951687,Ushuaia,AR,33.8,100,90,24.16
-86.31707953689282,76.11151273568782,Ushuaia,AR,33.8,100,90,24.16
-12.68944264401938,94.83267190366854,Georgetown,SH,73.4,94,0,4.7
11.505730057584245,68.21193781311382,Daura,NG,71.94,33,0,11.65
-84.13901523303247,-174.39871746834436,Ushuaia,AR,33.8,100,90,24.16
-40.1994889996262,-27.873961422060262,Cidreira,BR,58.26,86,0,10.2
13.134664665791519,87.7998244830186,Diffa,NE,72.12,28,0,10.98
-18.08924185369331,146.8320819305144,Georgetown,SH,73.4,94,0,4.7
-49.50438140189056,9.649442351373239,Mar Del Plata,AR,53.6,58,0,17.22
-75.20984566881502,-11.298246993625668,Ushuaia,AR,33.8,100,90,24.16
-2.14803302380065,106.56971229239736,Axim,GH,79.86,100,20,7.74
59.64475659842236,-39.14196384965942,Karpinsk,RU,27.34,79,20,6.62
34.17351463982163,71.726036832207,Paralimni,CY,67.89,56,20,2.24
53.50599197689397,-109.64929147514457,Abdulino,RU,32.74,97,92,10.2
-33.205019062296785,52.78631292482115,Arraial Do Cabo,BR,76.17,84,36,18.37
-32.85957247604529,47.15056046600213,Arraial Do Cabo,BR,76.17,84,36,18.37
36.69699551183666,-91.16989073202713,Islahiye,TR,57.2,62,75,17.22
83.5917629927398,-35.38764773234766,Dikson,RU,-2.36,100,20,18.7
-51.52898789469395,116.31115458027023,Mar Del Plata,AR,53.6,58,0,17.22
-32.21921754863783,7.747267050673088,Arraial Do Cabo,BR,76.17,84,36,18.37
75.79812708740485,-149.0351689689038,Dikson,RU,-2.36,100,20,18.7
-38.82890774680666,55.00190271797621,Cidreira,BR,58.26,86,0,10.2
12.106594759185455,123.51877078737533,Damaturu,NG,70.77,32,0,9.86
75.84633514623238,155.61760088821296,Dikson,RU,-2.36,100,20,18.7
65.89324930934825,45.14927477642067,Kharp,RU,14.56,89,80,6.29
48.015767108961626,-90.98925144838,Tambovka,RU,3.2,38,0,8.95
37.00907101876342,173.2652501142212,Kilis,TR,57.2,50,75,6.93
0.9712311117854995,160.1493961693322,Mumford,GH,75.0,94,20,4.61
-23.573809233082073,135.88552765141395,Caravelas,BR,77.74,98,24,17.81
-15.106451942210214,-107.79366610455017,Georgetown,SH,73.4,94,0,4.7
1.9285325057165892,-90.14827247497684,Anloga,GH,78.8,94,20,5.82
-43.57756064867967,-128.49248170180965,Chuy,UY,47.91,93,0,8.63
75.44515425773795,-164.44876230915304,Dikson,RU,-2.36,100,20,18.7
-26.112045935403486,95.98601288645267,Vila Velha,BR,77.0,73,0,11.41
1.0641694769928165,-92.7279046438756,Mumford,GH,75.0,94,20,4.61
40.74873848039988,154.56671599939415,Cayeli,TR,36.43,67,64,1.59
-73.52598851206147,161.2912864247224,Ushuaia,AR,33.8,100,90,24.16
-25.292749397080144,136.39911066175335,Vila Velha,BR,77.0,73,0,11.41
-69.42854116714322,-51.81378311462993,Ushuaia,AR,33.8,100,90,24.16
82.23746567185293,-3.546079193046637,Dikson,RU,-2.36,100,20,18.7
31.24847567737335,27.216953082705828,Talkha,EG,60.15,85,0,3.27
-83.37751642416596,-119.01498803117818,Ushuaia,AR,33.8,100,90,24.16
-57.0309099333515,156.15427277711342,Ushuaia,AR,33.8,100,90,24.16
34.80346809375634,68.02271226610159,Paralimni,CY,67.89,56,20,2.24
69.85108239622602,4.361420009714038,Yar-Sale,RU,10.74,100,80,7.74
63.855338472846796,-146.6449299120145,Igrim,RU,20.73,90,76,3.94
32.351194459075415,69.08608016605231,Damietta,EG,69.8,83,40,8.05
-19.19715151268366,71.15368981611925,Georgetown,SH,73.4,94,0,4.7
-63.12299135162658,-16.911693187794555,Ushuaia,AR,33.8,100,90,24.16
42.15902423382096,77.49210719821832,Abasha,GE,62.6,45,0,19.46
56.62780739928971,-169.0709766343911,Uinskoye,RU,30.81,89,80,7.63
60.78069451781053,36.47768069800148,Ivdel,RU,20.14,78,0,6.96
-55.61858065445006,-113.27589637947116,Ushuaia,AR,33.8,100,90,24.16
-5.736550120161567,112.83519286475422,Georgetown,SH,73.4,94,0,4.7
46.31945741685084,-49.42672879002549,Zenzeli,RU,50.79,94,92,14.79
73.1512143183341,24.157841453425846,Yar-Sale,RU,10.74,100,80,7.74
68.05618454796962,-140.66931799878896,Aksarka,RU,15.06,88,80,6.06
-70.38253088731261,-17.3079413337166,Ushuaia,AR,33.8,100,90,24.16
49.12295653946839,166.59438674099994,Aleksandrov Gay,RU,29.91,94,56,12.88
-82.63428349533919,86.41259272369933,Ushuaia,AR,33.8,100,90,24.16
73.88735901657549,-0.12559980120616387,Dikson,RU,-2.36,100,20,18.7
-0.155095469060754,46.123090648417644,Takoradi,GH,78.24,100,24,6.06
-67.31452823731773,141.17778444935226,Ushuaia,AR,33.8,100,90,24.16
-11.938863157915307,-154.37450363437236,Georgetown,SH,73.4,94,0,4.7
56.30143599935701,-43.046578018490294,Chernushka,RU,32.25,95,88,9.98
-64.81919199921889,160.56773486219726,Ushuaia,AR,33.8,100,90,24.16
57.50443699836427,-30.00058227404736,Ust-Kishert,RU,30.13,89,80,10.2
7.203635753170033,-14.049546117049573,Nsukka,NG,73.96,94,68,5.06
40.749449569723026,-176.97413853498747,Cayeli,TR,36.43,67,64,1.59
37.747253196672176,-83.0984955174694,Elbistan,TR,39.72,80,8,3.6
-18.401990508127483,53.572289878947515,Georgetown,SH,73.4,94,0,4.7
-47.892402963289555,-90.99559689029296,Mar Del Plata,AR,53.6,58,0,17.22
12.450785995740887,164.44686856117585,Damaturu,NG,70.77,32,0,9.86
-42.98180018680384,-125.34463296862248,Chuy,UY,47.91,93,0,8.63
71.30488460111255,-132.34189858596142,Yar-Sale,RU,10.74,100,80,7.74
-86.73232409973528,90.79361224595488,Ushuaia,AR,33.8,100,90,24.16
43.2254246260714,84.87052883020317,Chegem,RU,29.55,56,20,2.15
-70.47395509943851,52.404100084191526,Ushuaia,AR,33.8,100,90,24.16
31.325824671554244,-21.16507179378496,Talkha,EG,60.15,85,0,3.27
-39.72747485826899,177.5430960722017,Cidreira,BR,58.26,86,0,10.2
-13.520492160587807,-1.9034022994915176,Georgetown,SH,73.4,94,0,4.7
43.956784399307566,-101.3224922372314,Sovetskaya,RU,41.34,77,44,5.39
49.37238099451923,-22.674013360763354,Aleksandrov Gay,RU,29.91,94,56,12.88
-66.16782973091951,162.6457803959736,Ushuaia,AR,33.8,100,90,24.16
-44.586853781661375,-17.88214547209637,Rocha,UY,42.78,62,0,7.85
88.53203421120162,-116.87787808259358,Dikson,RU,-2.36,100,20,18.7
82.79086742353664,-120.1160965235232,Dikson,RU,-2.36,100,20,18.7
69.89713055358175,122.92868246221906,Yar-Sale,RU,10.74,100,80,7.74
47.58438403054828,-169.7030930007119,Tambovka,RU,3.2,38,0,8.95
-86.39745689613144,12.891620148146984,Ushuaia,AR,33.8,100,90,24.16
-24.057082119153932,98.52367004645208,Caravelas,BR,77.74,98,24,17.81
40.07807319317217,63.54147161050676,Bayburt,TR,32.97,90,92,3.15
-45.554764194431286,95.28913460154808,Rocha,UY,42.78,62,0,7.85
-14.092573217302615,-12.724174546761901,Georgetown,SH,73.4,94,0,4.7
62.02660450288417,50.648730813455074,Agirish,RU,25.99,88,88,5.28
-76.99736645213453,144.44397179095296,Ushuaia,AR,33.8,100,90,24.16
-29.338351801425482,-138.30341255657652,Sao Joao Da Barra,BR,77.07,96,32,27.65
-59.838763702292425,-24.36238241758943,Ushuaia,AR,33.8,100,90,24.16
-72.76245580949146,-167.6858756468311,Ushuaia,AR,33.8,100,90,24.16
12.227256574431323,-154.8000149215177,Damaturu,NG,70.77,32,0,9.86
-35.01754342069133,-123.20869803867004,Arraial Do Cabo,BR,76.17,84,36,18.37
-63.562563692412326,34.94880935258152,Ushuaia,AR,33.8,100,90,24.16
55.28269733503137,-159.28433196451405,Kushnarenkovo,RU,33.8,86,90,13.42
-34.41229930922938,152.79038441372182,Arraial Do Cabo,BR,76.17,84,36,18.37
-78.78065268051392,174.20411022639257,Ushuaia,AR,33.8,100,90,24.16
-83.06638449418298,65.58730596717461,Ushuaia,AR,33.8,100,90,24.16
-7.3859990840329175,163.51692095034878,Georgetown,SH,73.4,94,0,4.7
70.62314324765725,-95.66980697702309,Yar-Sale,RU,10.74,100,80,7.74
-43.24338041120202,-4.897042022675805,Chuy,UY,47.91,93,0,8.63
-85.57700010250683,178.5665667172102,Ushuaia,AR,33.8,100,90,24.16
72.08620364923215,117.27449316010706,Yar-Sale,RU,10.74,100,80,7.74
-84.6025276899308,-20.3718362731951,Ushuaia,AR,33.8,100,90,24.16
-9.855349969792641,93.2258724365895,Georgetown,SH,73.4,94,0,4.7
-88.24011443098804,-17.664806461341186,Ushuaia,AR,33.8,100,90,24.16
-78.42173959773288,-143.0023867396872,Ushuaia,AR,33.8,100,90,24.16
-12.000459966572407,134.67768321184508,Georgetown,SH,73.4,94,0,4.7
35.25719634214006,-134.1970613679773,Jablah,SY,73.4,43,40,4.7
-9.860956560781645,-95.73805109397794,Georgetown,SH,73.4,94,0,4.7
-19.777672358610488,-146.9633881422012,Georgetown,SH,73.4,94,0,4.7
44.237510551895156,66.16240874666315,Solomenskoye,RU,40.71,100,44,5.39
-39.87250653874375,85.40581418751441,Cidreira,BR,58.26,86,0,10.2
45.735735313622115,-131.78583997287285,Komsomolskiy,RU,45.75,57,0,2.93
74.26495499842989,-45.59235349698815,Dikson,RU,-2.36,100,20,18.7
35.169405418704415,41.18670092278836,Jablah,SY,73.4,43,40,4.7
44.52106554592933,73.17361294568803,Stepnoye,RU,32.0,98,90,11.18
-49.18404283901475,87.47908661330871,Mar Del Plata,AR,53.6,58,0,17.22
-64.01393945826979,8.58387111859949,Ushuaia,AR,33.8,100,90,24.16
-34.08857937685249,92.68566750450589,Arraial Do Cabo,BR,76.17,84,36,18.37
55.52424269102755,-178.90478324134708,Birsk,RU,32.43,97,88,9.19
-89.43051769269424,73.49244944170661,Ushuaia,AR,33.8,100,90,24.16
-23.6465791257137,-78.0325449724194,Caravelas,BR,77.74,98,24,17.81
6.78986104860671,145.35047079279627,Idah,NG,74.46,97,36,5.28
70.37600471352945,-138.83967480514065,Yar-Sale,RU,10.74,100,80,7.74
53.17919746614976,-111.99064545168363,Pleshanovo,RU,32.56,94,88,9.42
32.0602774467461,-11.954620799689565,Damietta,EG,69.8,83,40,8.05
73.67574376969321,48.40699904865423,Dikson,RU,-2.36,100,20,18.7
26.18119877032717,122.13321251803711,Abnub,EG,60.8,67,8,9.17
56.52881628802939,43.375067816560914,Uinskoye,RU,30.81,89,80,7.63
41.35368104125405,119.52784537521802,Ardesen,TR,64.4,34,0,24.16
5.161665699926687,97.62634361242948,Warri,NG,76.71,89,44,7.74
-67.04049904917117,156.1288792353851,Ushuaia,AR,33.8,100,90,24.16
-37.870004012083015,88.90901863856988,Laguna,BR,44.6,93,1,1.36
62.84655162522981,141.53331115617283,Agirish,RU,25.99,88,88,5.28
-27.755313825242865,-170.55299042232113,Vila Velha,BR,77.0,73,0,11.41
-15.480763449291643,-133.60360727935233,Georgetown,SH,73.4,94,0,4.7
32.661398993920756,-98.21942563752927,Port Said,EG,69.8,83,40,8.05
42.84890659565889,177.18517067538772,Lentekhi,GE,44.49,63,56,1.7
69.04586492804413,-8.439452191056205,Aksarka,RU,15.06,88,80,6.06
46.17599641264309,107.54564277681607,Yashkul,RU,50.34,96,92,11.77
-52.88330495239538,143.18891969849784,Necochea,AR,52.63,76,80,18.25
34.75321469992858,-150.4790242787454,Paralimni,CY,67.89,56,20,2.24
8.34759718252404,10.136270491726265,Lafia,NG,74.41,83,0,7.74
-44.21999306826382,-148.46349627210452,Chuy,UY,47.91,93,0,8.63
-76.17856481964616,-171.93426315430375,Ushuaia,AR,33.8,100,90,24.16
45.01458942335026,152.42728606214877,Urozhaynoye,RU,47.73,98,20,6.73
-89.42941572386559,-179.68462470738908,Ushuaia,AR,33.8,100,90,24.16
-41.79116819195443,-124.68262321024605,Rio Grande,BR,54.84,100,0,11.43
-59.20995833916373,44.91031600946775,Ushuaia,AR,33.8,100,90,24.16
-46.870488812788764,-79.00801665539763,Mar Del Plata,AR,53.6,58,0,17.22
-55.495581997481494,-5.706639370296358,Ushuaia,AR,33.8,100,90,24.16
-32.70130267247693,-100.57503740142249,Arraial Do Cabo,BR,76.17,84,36,18.37
-88.08633778296638,124.13927329171395,Ushuaia,AR,33.8,100,90,24.16
-35.12359274751092,172.98482133100055,Arraial Do Cabo,BR,76.17,84,36,18.37
-45.38748072536451,139.6165595243187,Rocha,UY,42.78,62,0,7.85
8.963721569419278,17.23768897038019,Lafia,NG,74.41,83,0,7.74
-73.76229939014223,-160.33542048437235,Ushuaia,AR,33.8,100,90,24.16
75.55853661708642,152.31895408868667,Dikson,RU,-2.36,100,20,18.7
49.19608211941852,50.42795253124757,Aleksandrov Gay,RU,29.91,94,56,12.88
89.07415851070999,-47.90506105039296,Dikson,RU,-2.36,100,20,18.7
-24.180756253825322,-174.1925239226051,Caravelas,BR,77.74,98,24,17.81
-26.282394515208736,28.439615743458774,Vila Velha,BR,77.0,73,0,11.41
-78.69983585328467,152.25387704148227,Ushuaia,AR,33.8,100,90,24.16
49.335851738541834,61.34726628686653,Aleksandrov Gay,RU,29.91,94,56,12.88
28.574509083118286,-13.314674748489892,Matay,EG,58.03,90,0,4.83
-72.12876985542847,47.28079501936182,Ushuaia,AR,33.8,100,90,24.16
82.84043789905988,129.2924085071,Dikson,RU,-2.36,100,20,18.7
-62.32905637950054,70.63176223759484,Ushuaia,AR,33.8,100,90,24.16
42.902056680470025,-25.535900380735114,Lentekhi,GE,44.49,63,56,1.7
-79.35378175343413,135.99676571609746,Ushuaia,AR,33.8,100,90,24.16
-80.95543224460978,26.93233353487159,Ushuaia,AR,33.8,100,90,24.16
72.11066683590974,131.62324802537978,Yar-Sale,RU,10.74,100,80,7.74
-53.67912881849939,60.75383265303984,Ushuaia,AR,33.8,100,90,24.16
15.62598593949977,93.76605612370395,Mao,TD,46.4,93,20,3.36
-85.94807711545738,-60.34578339955863,Ushuaia,AR,33.8,100,90,24.16
79.97160226265214,-65.04435685930824,Dikson,RU,-2.36,100,20,18.7
-32.05509777572337,112.29762290155344,Arraial Do Cabo,BR,76.17,84,36,18.37
42.10421674052216,-94.21039678877423,Abasha,GE,62.6,45,0,19.46
-27.21359222506451,-62.949932830492486,Vila Velha,BR,77.0,73,0,11.41
-89.33563999379253,95.73006528815722,Ushuaia,AR,33.8,100,90,24.16
86.32932048564209,-9.049453211903085,Dikson,RU,-2.36,100,20,18.7
50.30111906264733,-11.692431546037056,Ozinki,RU,29.14,94,68,11.21
75.27812621566045,10.001386431205617,Dikson,RU,-2.36,100,20,18.7
-69.1765384250044,79.52986634104502,Ushuaia,AR,33.8,100,90,24.16
-56.468473993332616,-142.7409618542449,Ushuaia,AR,33.8,100,90,24.16
-35.49400828348246,-66.32050914532832,Arraial Do Cabo,BR,76.17,84,36,18.37
-25.305700310103916,62.893486826238586,Vila Velha,BR,77.0,73,0,11.41
-45.01581522202051,134.4648049989733,Rocha,UY,42.78,62,0,7.85
-30.357850767593867,-51.82345902089702,Sao Joao Da Barra,BR,77.07,96,32,27.65
-81.54614746178639,-165.65442773935257,Ushuaia,AR,33.8,100,90,24.16
2.937344038434972,158.33877378374683,Cotonou,BJ,80.6,88,40,4.7
-33.941639276918536,3.7198134904704148,Arraial Do Cabo,BR,76.17,84,36,18.37
-39.11839687380655,112.1601577954504,Cidreira,BR,58.26,86,0,10.2
87.37154682002509,76.44202357337105,Dikson,RU,-2.36,100,20,18.7
47.162858788301634,7.572080671523281,Yenotayevka,RU,43.32,98,88,15.46
71.58019965093342,175.31088639686442,Yar-Sale,RU,10.74,100,80,7.74
74.46738204388816,-94.31431162903903,Dikson,RU,-2.36,100,20,18.7
50.296267600129,142.08134699916417,Ozinki,RU,29.14,94,68,11.21
-52.17887876767521,86.41765816144408,Necochea,AR,52.63,76,80,18.25
-75.6526280846913,71.14767222643539,Ushuaia,AR,33.8,100,90,24.16
-87.03634862324506,-139.43663249698398,Ushuaia,AR,33.8,100,90,24.16
78.48892263650086,148.5314492578915,Dikson,RU,-2.36,100,20,18.7
75.44759817798686,-41.306826463129084,Dikson,RU,-2.36,100,20,18.7
56.04328545359493,-114.58426825287842,Starobaltachevo,RU,32.7,96,88,10.42
-75.36887215362376,67.95539102915777,Ushuaia,AR,33.8,100,90,24.16
53.52710860065744,48.038242981157794,Abdulino,RU,32.74,97,92,10.2
76.14034108659169,-93.55325963294692,Dikson,RU,-2.36,100,20,18.7
-2.5087731969171756,41.11300234150286,Axim,GH,79.86,100,20,7.74
-76.484564664613,-118.3876883467326,Ushuaia,AR,33.8,100,90,24.16
13.503107807905721,-73.97440527429553,Diffa,NE,72.12,28,0,10.98
-48.922283728216094,25.040664717318606,Mar Del Plata,AR,53.6,58,0,17.22
-20.92901956070496,-57.18360623268053,Georgetown,SH,73.4,94,0,4.7
6.799060445928376,-100.46442848296923,Idah,NG,74.46,97,36,5.28
0.4483468483485069,112.82655699106124,Takoradi,GH,78.24,100,24,6.06
-18.566585000475214,178.68675764856533,Georgetown,SH,73.4,94,0,4.7
76.73556949643259,111.86167290284072,Dikson,RU,-2.36,100,20,18.7
-51.666450854252815,-13.964392810819078,Mar Del Plata,AR,53.6,58,0,17.22
-38.94077442611952,126.15981435379945,Cidreira,BR,58.26,86,0,10.2
47.86217440361048,17.573292622079293,Tambovka,RU,3.2,38,0,8.95
59.71875063717357,-103.12172468920504,Karpinsk,RU,27.34,79,20,6.62
-23.729656545280037,10.327695632190967,Caravelas,BR,77.74,98,24,17.81
-40.441791742395054,-55.91581317033591,Cidreira,BR,58.26,86,0,10.2
58.08161207211538,-134.66869830470478,Lysva,RU,30.45,87,80,11.43
72.83722700221503,-86.63433368632242,Yar-Sale,RU,10.74,100,80,7.74
88.20201391343937,86.81231657949019,Dikson,RU,-2.36,100,20,18.7
6.452610961919362,35.18035676678838,Uromi,NG,74.91,96,24,6.4
-89.10998566156029,-113.41728738083427,Ushuaia,AR,33.8,100,90,24.16
-49.40809815897661,-98.39337931925276,Mar Del Plata,AR,53.6,58,0,17.22
84.41140444160172,3.057895158524957,Dikson,RU,-2.36,100,20,18.7
39.26520221428183,-120.80206554450265,Tunceli,TR,53.55,41,75,9.17
11.897698990490312,-152.40142062301777,Damaturu,NG,70.77,32,0,9.86
11.137038377668304,142.9093057989516,Duku,NG,69.15,65,8,2.59
-58.91300423058304,145.06425269055086,Ushuaia,AR,33.8,100,90,24.16
27.655303292894757,139.94058085454037,Matay,EG,58.03,90,0,4.83
-22.137422759989136,110.67453487055553,Georgetown,SH,73.4,94,0,4.7
-51.81248544326205,-96.91974480843018,Mar Del Plata,AR,53.6,58,0,17.22
-7.663615775904802,6.607401692562718,Georgetown,SH,73.4,94,0,4.7
-23.60876475939247,-146.37101287540398,Caravelas,BR,77.74,98,24,17.81
-1.000696479200272,-93.55264735808139,Takoradi,GH,78.24,100,24,6.06
-30.80495740087772,-11.797134283323174,Arraial Do Cabo,BR,76.17,84,36,18.37
-78.8587934603458,141.4373177219726,Ushuaia,AR,33.8,100,90,24.16
-26.439602310571964,63.342248450182154,Vila Velha,BR,77.0,73,0,11.41
-8.162243024768642,-21.127652666666904,Georgetown,SH,73.4,94,0,4.7
-75.64866541698555,-103.79674485893867,Ushuaia,AR,33.8,100,90,24.16
38.599723433685654,1.2861971372985863,Malatya,TR,51.8,62,75,2.24
-41.79089742436983,85.11424970805979,Rio Grande,BR,54.84,100,0,11.43
-68.21875238154496,-160.0889658603068,Ushuaia,AR,33.8,100,90,24.16
-51.44830495888816,-94.22873570016814,Mar Del Plata,AR,53.6,58,0,17.22
-47.39540221514341,13.277194384531327,Mar Del Plata,AR,53.6,58,0,17.22
36.648870890782945,98.84345974192797,Islahiye,TR,57.2,62,75,17.22
37.17443252935371,12.749743502180223,Gaziantep,TR,57.2,50,75,6.93
-52.53303381759761,1.0563183597895431,Necochea,AR,52.63,76,80,18.25
-28.30719637211832,-34.613065439927254,Sao Joao Da Barra,BR,77.07,96,32,27.65
-10.244706536761555,179.24068365128858,Georgetown,SH,73.4,94,0,4.7
26.301493919846877,71.05677280154495,Matay,EG,58.03,90,0,4.83
-87.76960433614768,-64.99845621861232,Ushuaia,AR,33.8,100,90,24.16
-22.252482966240052,155.82596758364082,Georgetown,SH,73.4,94,0,4.7
28.412501639964916,-96.02937290671647,Matay,EG,58.03,90,0,4.83
39.981903917364946,29.024399157345783,Bayburt,TR,32.97,90,92,3.15
-81.43592011251349,50.444670927693494,Ushuaia,AR,33.8,100,90,24.16
-26.6334254307301,-118.64953508774275,Vila Velha,BR,77.0,73,0,11.41
-17.90743050806003,-170.64796228132457,Georgetown,SH,73.4,94,0,4.7
67.93991835893883,36.1002123161519,Aksarka,RU,15.06,88,80,6.06
-30.76768965455331,51.7845638806528,Arraial Do Cabo,BR,76.17,84,36,18.37
-43.02040781037465,-172.40690056644542,Chuy,UY,47.91,93,0,8.63
69.3796671218085,151.28608901549887,Yar-Sale,RU,10.74,100,80,7.74
77.17191217683742,165.1557261952497,Dikson,RU,-2.36,100,20,18.7
43.08632860433468,36.6469046024138,Chegem,RU,29.55,56,20,2.15
-29.377995183086284,-48.714075600255285,Sao Joao Da Barra,BR,77.07,96,32,27.65
75.917891795841,145.49649874302844,Dikson,RU,-2.36,100,20,18.7
8.333586804554344,-168.16494506407173,Lafia,NG,74.41,83,0,7.74
-37.35824969337509,-9.227324473516035,Laguna,BR,44.6,93,1,1.36
-12.10153382198068,137.23773244457732,Georgetown,SH,73.4,94,0,4.7
71.80624193365065,158.63882501582674,Yar-Sale,RU,10.74,100,80,7.74
-34.90420315877317,-31.75855857910679,Arraial Do Cabo,BR,76.17,84,36,18.37
-29.14655360289266,62.53036133481217,Sao Joao Da Barra,BR,77.07,96,32,27.65
40.68305769657576,156.20495439765176,Rize,TR,36.43,67,64,1.59
-87.28428208120334,-108.16707641897122,Ushuaia,AR,33.8,100,90,24.16
-74.20981711112341,-164.5441084678101,Ushuaia,AR,33.8,100,90,24.16
3.4538342205985373,166.30846066901086,Lagos,NG,78.78,94,12,6.17
-20.651984664550866,78.06746494843577,Georgetown,SH,73.4,94,0,4.7
73.88886190688697,-166.56368975857868,Dikson,RU,-2.36,100,20,18.7
32.77546144988601,-166.17308608686255,Port Said,EG,69.8,83,40,8.05
74.30709189291139,-24.147816581201084,Dikson,RU,-2.36,100,20,18.7
-17.29959292403855,-116.62374823435115,Georgetown,SH,73.4,94,0,4.7
-3.3548934720053296,58.081913779917215,Axim,GH,79.86,100,20,7.74
86.47263230209069,-170.0585846759178,Dikson,RU,-2.36,100,20,18.7
-84.63966118113187,-24.52619147382029,Ushuaia,AR,33.8,100,90,24.16
81.97109928146588,-27.107945061880713,Dikson,RU,-2.36,100,20,18.7
60.01720333305829,91.73901433425311,Volchansk,RU,27.34,79,20,6.62
-58.72151422344365,12.373287420332986,Ushuaia,AR,33.8,100,90,24.16
9.4448185130139,-88.41090190276805,Jos,NG,64.11,66,12,2.48
-61.69914991013353,-179.72476679059199,Ushuaia,AR,33.8,100,90,24.16
52.427412309616074,92.30416426414257,Krasnogvardeyets,RU,32.52,95,44,10.31
-21.735938633363645,-125.68061808770999,Georgetown,SH,73.4,94,0,4.7
-10.730866124002873,11.919713158582425,Georgetown,SH,73.4,94,0,4.7
-0.7140690493611714,-63.520463905685446,Takoradi,GH,78.24,100,24,6.06
-3.94287009901268,137.89867563524314,Axim,GH,79.86,100,20,7.74
56.595733900884596,80.84953916634231,Uinskoye,RU,30.81,89,80,7.63
-36.876369890034276,13.714860212380444,Laguna,BR,44.6,93,1,1.36
-61.88583284302143,170.8514947939101,Ushuaia,AR,33.8,100,90,24.16
-16.768395119621403,-38.291758097930256,Georgetown,SH,73.4,94,0,4.7
-77.46178429232319,-36.00797446999957,Ushuaia,AR,33.8,100,90,24.16
-57.63884768410503,-84.83437963374045,Ushuaia,AR,33.8,100,90,24.16
-22.551606139277922,-93.15241497778683,Georgetown,SH,73.4,94,0,4.7
38.802482870905294,-53.68299857808603,Malatya,TR,51.8,62,75,2.24
-85.84048961097353,72.88613927500106,Ushuaia,AR,33.8,100,90,24.16
87.28334075364884,14.378527508918381,Dikson,RU,-2.36,100,20,18.7
-25.516607970946865,177.3293234465009,Vila Velha,BR,77.0,73,0,11.41
37.89868348970322,-87.69607533510113,Malatya,TR,51.8,62,75,2.24
64.52270288662785,3.811586523255869,Muzhi,RU,15.69,85,56,9.19
-3.534595214551402,127.25631976535072,Axim,GH,79.86,100,20,7.74
-41.102951365968124,1.9877949091922176,Cidreira,BR,58.26,86,0,10.2
41.206567252959275,-8.6272922558652,Ardesen,TR,64.4,34,0,24.16
-72.4032276405375,98.86384921365692,Ushuaia,AR,33.8,100,90,24.16
-46.94924131312264,146.1055909136905,Mar Del Plata,AR,53.6,58,0,17.22
79.94102137548563,-162.47445590865996,Dikson,RU,-2.36,100,20,18.7
6.098810293122355,160.5978188254519,Agbor,NG,75.45,95,32,3.94
85.7308235522033,106.91303506894099,Dikson,RU,-2.36,100,20,18.7
7.669531576421477,-80.41384001148168,Ankpa,NG,76.39,84,0,7.52
78.18783014051036,-154.00405221054325,Dikson,RU,-2.36,100,20,18.7
39.992840406433515,112.66034035534398,Bayburt,TR,32.97,90,92,3.15
87.85708749109901,22.969004773015428,Dikson,RU,-2.36,100,20,18.7
-63.22077975019076,-104.03069488900904,Ushuaia,AR,33.8,100,90,24.16
-5.975854703070894,146.74320068669823,Georgetown,SH,73.4,94,0,4.7
-81.28523126349037,117.74750666141318,Ushuaia,AR,33.8,100,90,24.16
-16.484301281076043,-56.216934698764845,Georgetown,SH,73.4,94,0,4.7
83.95385579245541,143.5324351077055,Dikson,RU,-2.36,100,20,18.7
82.61606682931674,-21.550608136989013,Dikson,RU,-2.36,100,20,18.7
67.25655718362765,-64.01874836569354,Aksarka,RU,15.06,88,80,6.06
-58.77491493477541,1.0621059462764606,Ushuaia,AR,33.8,100,90,24.16
2.776422080326853,-26.024216252191025,Anloga,GH,78.8,94,20,5.82
65.74630115689823,161.27202880190276,Kharp,RU,14.56,89,80,6.29
-80.338562969984,131.0259022076035,Ushuaia,AR,33.8,100,90,24.16
6.547673241002073,118.0824173768533,Uromi,NG,74.91,96,24,6.4
-12.465639653322711,135.9606259301096,Georgetown,SH,73.4,94,0,4.7
-85.3704251928928,150.9622278458521,Ushuaia,AR,33.8,100,90,24.16
-22.053527027701506,-23.684622758389935,Georgetown,SH,73.4,94,0,4.7
-17.86384714839093,-105.33634427837872,Georgetown,SH,73.4,94,0,4.7
-57.34496050253828,-33.84339484520373,Ushuaia,AR,33.8,100,90,24.16
78.14418365105485,-0.14575672476587442,Dikson,RU,-2.36,100,20,18.7
28.527425766839983,-46.344810983099535,Matay,EG,58.03,90,0,4.83
-39.776596773241614,46.58135276023566,Cidreira,BR,58.26,86,0,10.2
86.20809356287967,4.659204538865197,Dikson,RU,-2.36,100,20,18.7
71.74676408421513,40.21985702425815,Yar-Sale,RU,10.74,100,80,7.74
-11.344691376927358,62.240971178799185,Georgetown,SH,73.4,94,0,4.7
40.53631647358162,115.02010140939092,Bayburt,TR,32.97,90,92,3.15
46.30715618478587,110.5478440881688,Zenzeli,RU,50.79,94,92,14.79
7.530593989363865,42.67944468691914,Ankpa,NG,76.39,84,0,7.52
-56.43180923214626,-63.75789491993022,Ushuaia,AR,33.8,100,90,24.16
-18.9952928476622,-35.03451753128576,Georgetown,SH,73.4,94,0,4.7
-76.4041852002103,118.8996333714611,Ushuaia,AR,33.8,100,90,24.16
-33.55573638401365,53.97828748005429,Arraial Do Cabo,BR,76.17,84,36,18.37
9.595366171603843,5.765724687503393,Bauchi,NG,65.41,62,0,2.82
57.75675356111188,-109.69423124342877,Lysva,RU,30.45,87,80,11.43
79.01671143214071,175.60631019974,Dikson,RU,-2.36,100,20,18.7
-14.100730966577032,-34.64302312221079,Georgetown,SH,73.4,94,0,4.7
-20.484174802596797,-116.90366582618094,Georgetown,SH,73.4,94,0,4.7
-0.46595799833498575,-98.93564576477263,Takoradi,GH,78.24,100,24,6.06
-63.92835442100113,68.36516000376258,Ushuaia,AR,33.8,100,90,24.16
-19.166776232180567,120.04626577226429,Georgetown,SH,73.4,94,0,4.7
-47.26871348729772,64.08929913795629,Mar Del Plata,AR,53.6,58,0,17.22
6.873647423593098,96.48970132968861,Idah,NG,74.46,97,36,5.28
87.32344736955906,-14.272927709637088,Dikson,RU,-2.36,100,20,18.7
77.92751264886661,-174.79332875729162,Dikson,RU,-2.36,100,20,18.7
1.4309960361975698,-133.90472403021005,Anloga,GH,78.8,94,20,5.82
-59.48101477434881,-50.148187023552765,Ushuaia,AR,33.8,100,90,24.16
-1.6876921201914854,-111.3814891947947,Takoradi,GH,78.24,100,24,6.06
75.56585620335181,-86.60281880786975,Dikson,RU,-2.36,100,20,18.7
13.37156750936721,-102.14361079328293,Diffa,NE,72.12,28,0,10.98
-13.671388377459166,62.061519687454876,Georgetown,SH,73.4,94,0,4.7
35.697649970018986,-81.30361844204232,Jablah,SY,73.4,43,40,4.7
53.63113498023179,135.74815509452833,Abdulino,RU,32.74,97,92,10.2
10.99555329065069,-126.52372134968533,Duku,NG,69.15,65,8,2.59
68.53005963074673,-113.23566707192724,Aksarka,RU,15.06,88,80,6.06
2.839000944125516,8.055175387652298,Cotonou,BJ,80.6,88,40,4.7
16.19944367908002,-118.18507398781539,Mao,TD,46.4,93,20,3.36
12.181991024006962,83.37385590954153,Damaturu,NG,70.77,32,0,9.86
65.05485662435606,-96.81232953648536,Muzhi,RU,15.69,85,56,9.19
-68.6976772422411,-178.82065013559978,Ushuaia,AR,33.8,100,90,24.16
-14.884054631514445,167.98714300621253,Georgetown,SH,73.4,94,0,4.7
-34.60382089754371,40.003982951217665,Arraial Do Cabo,BR,76.17,84,36,18.37
-8.56645784363495,-102.16299044630479,Georgetown,SH,73.4,94,0,4.7
6.890574707155338,99.885701823121,Idah,NG,74.46,97,36,5.28
-24.03716604247211,146.994720720085,Caravelas,BR,77.74,98,24,17.81
55.87707727708519,-129.40540274855314,Starobaltachevo,RU,32.7,96,88,10.42
49.16848452424014,-28.420047745340923,Aleksandrov Gay,RU,29.91,94,56,12.88
-63.98417938361,-107.43781157160625,Ushuaia,AR,33.8,100,90,24.16
-45.91329886005597,21.22221390566432,Mar Del Plata,AR,53.6,58,0,17.22
-25.2028432724762,-119.13260574537446,Vila Velha,BR,77.0,73,0,11.41
-70.55472618030345,-22.008967916743757,Ushuaia,AR,33.8,100,90,24.16
-79.43589907590106,-116.19029639592871,Ushuaia,AR,33.8,100,90,24.16
-25.2754657065706,-145.3474526650825,Vila Velha,BR,77.0,73,0,11.41
16.41234397707173,-75.85247895588623,Mao,TD,46.4,93,20,3.36
86.2693725985286,160.16879866784797,Dikson,RU,-2.36,100,20,18.7
57.52097593049186,89.54807639708588,Ust-Kishert,RU,30.13,89,80,10.2
77.18865250397079,158.58667377545487,Dikson,RU,-2.36,100,20,18.7
63.9401113802592,-61.59369318070287,Igrim,RU,20.73,90,76,3.94
-82.31743315359857,-97.47092324673088,Ushuaia,AR,33.8,100,90,24.16
-61.415201470450945,9.700296389289775,Ushuaia,AR,33.8,100,90,24.16
5.645172293435095,110.0821740440573,Warri,NG,76.71,89,44,7.74
-21.144625352791394,18.454110109814565,Georgetown,SH,73.4,94,0,4.7
-12.176294894160037,-147.424323309273,Georgetown,SH,73.4,94,0,4.7
60.351838815428096,67.03271355772287,Ivdel,RU,20.14,78,0,6.96
75.32502304147383,-38.46344973639006,Dikson,RU,-2.36,100,20,18.7
8.16212489877843,-84.17007042815852,Lafia,NG,74.41,83,0,7.74
-44.57747075628488,-124.79507770284073,Rocha,UY,42.78,62,0,7.85
-53.98935696713617,-33.756701735283116,Ushuaia,AR,33.8,100,90,24.16
52.119586881026976,37.247959630391364,Kurmanayevka,RU,32.52,95,44,10.31
-4.534050728716537,1.4387483987387384,Tabou,CI,78.51,100,64,7.4
14.862224553689984,-101.91955150054889,Mao,TD,46.4,93,20,3.36
-28.980856798867002,-144.2163736613277,Sao Joao Da Barra,BR,77.07,96,32,27.65
2.6536743865067507,19.448620157548476,Anloga,GH,78.8,94,20,5.82
76.19581218954485,21.71760058670273,Dikson,RU,-2.36,100,20,18.7
-41.53536242967144,18.004523541565675,Rio Grande,BR,54.84,100,0,11.43
57.23298732397271,102.68189552590133,Ust-Kishert,RU,30.13,89,80,10.2
32.50479657953203,20.352487572972223,Port Said,EG,69.8,83,40,8.05
0.3767146369841896,-4.656363751404001,Takoradi,GH,78.24,100,24,6.06
-62.258003454367966,-149.67089809221798,Ushuaia,AR,33.8,100,90,24.16
37.88387404913924,-5.499337017833227,Malatya,TR,51.8,62,75,2.24
-70.77574968560452,-95.64704434393195,Ushuaia,AR,33.8,100,90,24.16
48.74160368365298,39.58124158672621,Aleksandrov Gay,RU,29.91,94,56,12.88
85.4243543298737,78.68786300880669,Dikson,RU,-2.36,100,20,18.7
1.255404172797995,124.83130869872258,Mumford,GH,75.0,94,20,4.61
12.61417490506544,59.634525485395386,Diffa,NE,72.12,28,0,10.98
-68.02047104370135,111.93867074244844,Ushuaia,AR,33.8,100,90,24.16
-38.82659561302942,31.43127213384261,Cidreira,BR,58.26,86,0,10.2
67.70943883858195,5.783751265445261,Aksarka,RU,15.06,88,80,6.06
-28.661039138200373,105.54822775364761,Sao Joao Da Barra,BR,77.07,96,32,27.65
-45.86610080449691,-111.11904399662461,Mar Del Plata,AR,53.6,58,0,17.22
-53.53719911691219,-116.14643471107408,Ushuaia,AR,33.8,100,90,24.16
50.19544538509339,-48.08606293074939,Ozinki,RU,29.14,94,68,11.21
56.11952639818875,159.14595514094663,Starobaltachevo,RU,32.7,96,88,10.42
48.70675808532644,-178.88284424024857,Aleksandrov Gay,RU,29.91,94,56,12.88
6.552589253600388,89.681176841558,Uromi,NG,74.91,96,24,6.4
35.57858171121684,97.95302312814323,Jablah,SY,73.4,43,40,4.7
-66.8206528315365,79.6048760102301,Ushuaia,AR,33.8,100,90,24.16
34.289973822956455,-103.78188280615761,Paralimni,CY,67.89,56,20,2.24
9.788708725264286,-94.14071708986279,Bauchi,NG,65.41,62,0,2.82
3.713236175030417,8.368789627572994,Warri,NG,76.71,89,44,7.74
-59.5184864454869,-19.122331115076292,Ushuaia,AR,33.8,100,90,24.16
-60.29091899994347,-106.86505878378809,Ushuaia,AR,33.8,100,90,24.16
-74.11152000562808,-49.31750696227806,Ushuaia,AR,33.8,100,90,24.16
74.78092890712,145.4471813615313,Dikson,RU,-2.36,100,20,18.7
54.614705597224855,151.71425307533752,Buzdyak,RU,33.33,95,76,9.86
53.69082696672922,-101.11396624724077,Abdulino,RU,32.74,97,92,10.2
-23.328570555578168,-69.92987896475175,Caravelas,BR,77.74,98,24,17.81
-72.78670913205349,-143.6560519598653,Ushuaia,AR,33.8,100,90,24.16
-86.9025873514655,-135.25664726148034,Ushuaia,AR,33.8,100,90,24.16
66.50508820666337,68.449633335383,Salekhard,RU,14.83,88,80,6.51
48.406341371520625,61.6582877836984,Tambovka,RU,3.2,38,0,8.95
68.94944866546206,172.902307286667,Aksarka,RU,15.06,88,80,6.06
64.36487248114685,148.46239737001076,Muzhi,RU,15.69,85,56,9.19
76.78734599498762,-175.2027207873552,Dikson,RU,-2.36,100,20,18.7
-82.9734991784398,-60.687476042665935,Ushuaia,AR,33.8,100,90,24.16
76.84561730119404,-86.31930280253091,Dikson,RU,-2.36,100,20,18.7
0.7608016458259073,-74.60059995581946,Mumford,GH,75.0,94,20,4.61
60.766822221626995,-63.47572897753167,Ivdel,RU,20.14,78,0,6.96
-49.98298591855596,-44.030705725750806,Mar Del Plata,AR,53.6,58,0,17.22
-10.1647798987444,174.59461855824713,Georgetown,SH,73.4,94,0,4.7
82.8452668607556,-130.41238472257612,Dikson,RU,-2.36,100,20,18.7
-21.702710720337564,-114.12720782351698,Georgetown,SH,73.4,94,0,4.7
-26.60062853882785,-38.64217624257881,Vila Velha,BR,77.0,73,0,11.41
-77.64000062133161,-152.40384722515924,Ushuaia,AR,33.8,100,90,24.16
45.324195559532626,-108.81272222845043,Zaterechnyy,RU,47.73,98,20,6.73
-84.19871583287883,-167.09429066343336,Ushuaia,AR,33.8,100,90,24.16
86.52207369540662,-61.37310639705696,Dikson,RU,-2.36,100,20,18.7
-7.953800589915019,143.92699606983456,Georgetown,SH,73.4,94,0,4.7
57.02616834400456,59.312909924257696,Orda,RU,30.18,91,80,10.42
-68.56633371198417,167.66491357659157,Ushuaia,AR,33.8,100,90,24.16
-23.630416494587962,-48.83534167954156,Caravelas,BR,77.74,98,24,17.81
-86.88995926107252,-133.2949021404408,Ushuaia,AR,33.8,100,90,24.16
78.62849968061127,-171.3573886095306,Dikson,RU,-2.36,100,20,18.7
15.885030052542646,23.59661453141854,Mao,TD,46.4,93,20,3.36
-19.977450088915873,-159.05592933031818,Georgetown,SH,73.4,94,0,4.7
4.9553471914139635,89.84660673162404,Warri,NG,76.71,89,44,7.74
-35.648166612995965,71.69883042662016,Arraial Do Cabo,BR,76.17,84,36,18.37
-38.83032518014622,-110.04387015577973,Cidreira,BR,58.26,86,0,10.2
-47.98687699566612,-113.09570556551084,Mar Del Plata,AR,53.6,58,0,17.22
-68.09724409267952,131.29456159311127,Ushuaia,AR,33.8,100,90,24.16
83.86219628865052,-85.67559654833425,Dikson,RU,-2.36,100,20,18.7
-74.13257572646707,-96.76645750801431,Ushuaia,AR,33.8,100,90,24.16
-87.62723893754207,138.59091609894466,Ushuaia,AR,33.8,100,90,24.16
16.291137476849897,97.80272319145791,Mao,TD,46.4,93,20,3.36
-12.846120863446629,-126.39546660707316,Georgetown,SH,73.4,94,0,4.7
-3.7236635785486953,70.82721517001451,Axim,GH,79.86,100,20,7.74
10.571958154750945,75.69916642864595,Duku,NG,69.15,65,8,2.59
62.403217845265715,-6.734013615944889,Agirish,RU,25.99,88,88,5.28
56.80521118274791,104.11396439835852,Uinskoye,RU,30.81,89,80,7.63
65.33242893814884,-20.510230594984705,Muzhi,RU,15.69,85,56,9.19
7.334595589794148,-34.945586184596976,Ankpa,NG,76.39,84,0,7.52
-38.98196043143132,137.3544517132642,Cidreira,BR,58.26,86,0,10.2
4.31981410721761,6.307136823733828,Warri,NG,76.71,89,44,7.74
28.720393004602357,96.97590219651102,Matay,EG,58.03,90,0,4.83
-2.820637817416838,30.59339549761671,Axim,GH,79.86,100,20,7.74
-46.10365123162292,28.790965831048112,Mar Del Plata,AR,53.6,58,0,17.22
82.18600351005352,73.37590484763922,Dikson,RU,-2.36,100,20,18.7
6.49185688154914,9.584736632792811,Uromi,NG,74.91,96,24,6.4
-11.199023436044826,-54.70052180717566,Georgetown,SH,73.4,94,0,4.7
-37.072315857176996,-167.63022371238935,Laguna,BR,44.6,93,1,1.36
89.518236701788,-64.90729496068943,Dikson,RU,-2.36,100,20,18.7
-40.81978019833487,-111.17715354618161,Cidreira,BR,58.26,86,0,10.2
-11.091976541271166,49.95940718258274,Georgetown,SH,73.4,94,0,4.7
53.85602790890445,-150.52430743496475,Priyutovo,RU,32.52,98,92,9.86
52.7021930147196,-148.5378437796677,Totskoye,RU,32.74,94,80,9.42
41.99597268752683,-64.97501528608541,Naruja,GE,63.46,34,0,24.16
-48.60087968420248,-50.98677030027122,Mar Del Plata,AR,53.6,58,0,17.22
68.80919194266076,166.05480723668836,Aksarka,RU,15.06,88,80,6.06
-33.03664397659535,87.60951202990509,Arraial Do Cabo,BR,76.17,84,36,18.37
60.006556824028195,36.11499994055217,Volchansk,RU,27.34,79,20,6.62
-75.05675282746249,60.7092392686321,Ushuaia,AR,33.8,100,90,24.16
41.40252726464007,-63.90422598598859,Makhinjauri,GE,64.4,34,0,24.16
-13.842966028703486,27.19268116985029,Georgetown,SH,73.4,94,0,4.7
57.634894078749056,-153.18355018102284,Ust-Kishert,RU,30.13,89,80,10.2
-79.41608123253633,87.84350208911121,Ushuaia,AR,33.8,100,90,24.16
72.98417199636867,109.34464677057258,Yar-Sale,RU,10.74,100,80,7.74
-28.1325904241968,147.18768896983465,Vila Velha,BR,77.0,73,0,11.41
70.39132618211411,71.77291716311981,Yar-Sale,RU,10.74,100,80,7.74
-15.805543136538788,-22.055407719194022,Georgetown,SH,73.4,94,0,4.7
-74.92427662881073,137.135450244342,Ushuaia,AR,33.8,100,90,24.16
-9.226660797256244,52.84992451148295,Georgetown,SH,73.4,94,0,4.7
-43.75896265156994,-168.17982870989653,Chuy,UY,47.91,93,0,8.63
55.871619458526055,145.10809455667732,Starobaltachevo,RU,32.7,96,88,10.42
-20.891440517530697,21.98642010728048,Georgetown,SH,73.4,94,0,4.7
-80.19763337938019,-27.10016855157309,Ushuaia,AR,33.8,100,90,24.16
89.79804981657952,-66.05452517069725,Dikson,RU,-2.36,100,20,18.7
-89.96919159786323,-14.624389034577632,Ushuaia,AR,33.8,100,90,24.16
84.0990435805578,-84.47003975710919,Dikson,RU,-2.36,100,20,18.7
-31.318367717158175,41.8959391688245,Arraial Do Cabo,BR,76.17,84,36,18.37
-22.13651437084239,139.08165228837981,Georgetown,SH,73.4,94,0,4.7
5.996300086738486,-81.1960798562415,Agbor,NG,75.45,95,32,3.94
-39.54952891873779,111.61814819508123,Cidreira,BR,58.26,86,0,10.2
-22.426746070959126,100.65903819973153,Georgetown,SH,73.4,94,0,4.7
-45.36410366596947,-141.56367886609178,Rocha,UY,42.78,62,0,7.85
-45.386006409910415,105.9037558787781,Rocha,UY,42.78,62,0,7.85
-72.0796174255839,61.584029407175024,Ushuaia,AR,33.8,100,90,24.16
-75.32393665948382,-35.80010440209293,Ushuaia,AR,33.8,100,90,24.16
-87.05399681897784,-57.66113379652187,Ushuaia,AR,33.8,100,90,24.16
85.81893856442332,149.33123530732706,Dikson,RU,-2.36,100,20,18.7
47.25926780106539,91.68303424024464,Tambovka,RU,3.2,38,0,8.95
32.64251447199439,-113.61116173817142,Port Said,EG,69.8,83,40,8.05
-46.02025324151812,-150.08009863347655,Mar Del Plata,AR,53.6,58,0,17.22
-45.66047138851281,9.797410715400844,Rocha,UY,42.78,62,0,7.85
-13.300635106500778,43.22544594937915,Georgetown,SH,73.4,94,0,4.7
-9.661582761221595,62.724496422577744,Georgetown,SH,73.4,94,0,4.7
12.032671431444314,58.95427105714782,Damaturu,NG,70.77,32,0,9.86
-2.186668208704404,-93.49967667747288,Axim,GH,79.86,100,20,7.74
0.36453157315206397,113.8043919418256,Takoradi,GH,78.24,100,24,6.06
-64.08634540855886,51.221540655237334,Ushuaia,AR,33.8,100,90,24.16
-84.29276539039567,19.57710508875033,Ushuaia,AR,33.8,100,90,24.16
-84.19173671395878,-91.26132685942099,Ushuaia,AR,33.8,100,90,24.16
-6.838434194644989,-163.1395018403084,Georgetown,SH,73.4,94,0,4.7
49.55574411319418,167.8985769889739,Aleksandrov Gay,RU,29.91,94,56,12.88
73.50810943194242,108.26417321749062,Dikson,RU,-2.36,100,20,18.7
69.96872484250383,24.44503517595922,Yar-Sale,RU,10.74,100,80,7.74
13.188332187632213,-20.711628243780467,Diffa,NE,72.12,28,0,10.98
44.66954490124283,-78.86848400273331,Pravokumskoye,RU,45.57,99,68,6.96
-9.158767522263034,-110.57136810402254,Georgetown,SH,73.4,94,0,4.7
81.96894589466135,120.9908899352385,Dikson,RU,-2.36,100,20,18.7
27.87016508302645,33.316821728732975,Matay,EG,58.03,90,0,4.83
58.93305000853951,107.77561334811497,Medvedka,RU,64.4,63,40,6.71
-63.637273693846524,-19.27092206404737,Ushuaia,AR,33.8,100,90,24.16
-73.18925264689746,-151.93144758966466,Ushuaia,AR,33.8,100,90,24.16
0.08182594245515418,-42.49016216867446,Takoradi,GH,78.24,100,24,6.06
-2.1090295652465585,85.86559224787317,Axim,GH,79.86,100,20,7.74
7.447161332134812,9.928569546817158,Ankpa,NG,76.39,84,0,7.52
70.66642548596522,-166.83672746616375,Yar-Sale,RU,10.74,100,80,7.74
53.56256492131482,146.37331915983054,Abdulino,RU,32.74,97,92,10.2
-38.11710771515611,-96.31635182688592,Laguna,BR,44.6,93,1,1.36
-76.12042883227103,33.234959291301124,Ushuaia,AR,33.8,100,90,24.16
11.911990432246014,77.42529152471582,Damaturu,NG,70.77,32,0,9.86
-54.17147546194049,-102.59313634720877,Ushuaia,AR,33.8,100,90,24.16
10.661473914821784,-117.97645332456084,Duku,NG,69.15,65,8,2.59
-4.355837830770213,61.160270642696474,Tabou,CI,78.51,100,64,7.4
-53.187512211695356,-38.837018618704406,Ushuaia,AR,33.8,100,90,24.16
89.11236168184607,-134.2030960447671,Dikson,RU,-2.36,100,20,18.7
-18.59191384605701,27.722640738209634,Georgetown,SH,73.4,94,0,4.7
-80.9332223650417,102.80633910442305,Ushuaia,AR,33.8,100,90,24.16
-27.768404456822076,-166.97190084736235,Vila Velha,BR,77.0,73,0,11.41
75.3227774696156,95.08874195236365,Dikson,RU,-2.36,100,20,18.7
26.24174367077285,66.50488698171787,Matay,EG,58.03,90,0,4.83
-31.01024038019736,-56.79164847251971,Arraial Do Cabo,BR,76.17,84,36,18.37
-52.39373597437682,18.10473421999643,Necochea,AR,52.63,76,80,18.25
-45.54428389554638,98.55947687071097,Rocha,UY,42.78,62,0,7.85
83.46959278998898,127.55948327795613,Dikson,RU,-2.36,100,20,18.7
-42.875246517931814,-114.79898176163542,Chuy,UY,47.91,93,0,8.63
78.85898885285366,164.61517122584291,Dikson,RU,-2.36,100,20,18.7
-67.97789415418583,-31.357989073263923,Ushuaia,AR,33.8,100,90,24.16
-36.635284700882366,-28.99899118674884,Laguna,BR,44.6,93,1,1.36
87.01941970820391,150.1482232045555,Dikson,RU,-2.36,100,20,18.7
30.062024979199563,-14.923925122803894,Madinat Sittah Uktubar,EG,68.0,82,80,6.93
56.64536036428083,32.25483934272836,Uinskoye,RU,30.81,89,80,7.63
36.66672019187074,-122.23537329784631,Islahiye,TR,57.2,62,75,17.22
-47.40749219966027,118.92168202284677,Mar Del Plata,AR,53.6,58,0,17.22
81.53638395054344,140.3900374676736,Dikson,RU,-2.36,100,20,18.7
-47.47351312359397,-177.96073062925328,Mar Del Plata,AR,53.6,58,0,17.22
47.986664841752344,-53.46147198032406,Tambovka,RU,3.2,38,0,8.95
7.598198679463437,4.58936897632023,Ankpa,NG,76.39,84,0,7.52
66.41955684644424,12.91693476006256,Salekhard,RU,14.83,88,80,6.51
-18.245558343636347,16.350677222058152,Georgetown,SH,73.4,94,0,4.7
10.249547234029734,51.39249041791348,Bauchi,NG,65.41,62,0,2.82
87.07914123950471,54.63901795429197,Dikson,RU,-2.36,100,20,18.7
-39.30610135004868,-57.421517506690336,Cidreira,BR,58.26,86,0,10.2
81.63808503717519,65.53896730818084,Dikson,RU,-2.36,100,20,18.7
-12.055907019986677,172.43017249112108,Georgetown,SH,73.4,94,0,4.7
-43.57373018476348,-171.06730969832506,Chuy,UY,47.91,93,0,8.63
-32.41878994062162,133.33072892938202,Arraial Do Cabo,BR,76.17,84,36,18.37
-71.1575861133534,-81.56603960006161,Ushuaia,AR,33.8,100,90,24.16
81.63838009621051,-127.96088229038372,Dikson,RU,-2.36,100,20,18.7
-48.117783181467196,-74.79318117171165,Mar Del Plata,AR,53.6,58,0,17.22
37.803430562339315,68.49162650366438,Elbistan,TR,39.72,80,8,3.6
-21.162401387636223,58.31530615036752,Georgetown,SH,73.4,94,0,4.7
-22.20160492991856,-58.39167003555323,Georgetown,SH,73.4,94,0,4.7
-75.10111268776834,-73.06955807618866,Ushuaia,AR,33.8,100,90,24.16
-15.175052151569972,-74.94381020929285,Georgetown,SH,73.4,94,0,4.7
42.62412037987107,-89.50966837834697,Lentekhi,GE,44.49,63,56,1.7
-66.52127515304048,152.2880620140051,Ushuaia,AR,33.8,100,90,24.16
-59.141059773366194,-157.2967562229488,Ushuaia,AR,33.8,100,90,24.16
-65.26808685439329,61.091273144856444,Ushuaia,AR,33.8,100,90,24.16
73.04842459135943,34.6321750420114,Yar-Sale,RU,10.74,100,80,7.74
-41.95968912178783,-20.905496584798613,Chuy,UY,47.91,93,0,8.63
-67.58792764906454,153.16297618282323,Ushuaia,AR,33.8,100,90,24.16
-25.220000641672442,168.70393069479252,Vila Velha,BR,77.0,73,0,11.41
-54.735169307901565,-110.26759447308872,Ushuaia,AR,33.8,100,90,24.16
-2.1406612010168686,5.16571646630004,Axim,GH,79.86,100,20,7.74
13.543934194534444,109.30712767378247,Diffa,NE,72.12,28,0,10.98
-14.451297952520079,13.71959187826863,Georgetown,SH,73.4,94,0,4.7
60.55451410847985,-60.24246129501523,Ivdel,RU,20.14,78,0,6.96
66.35595639354813,176.67720734496737,Salekhard,RU,14.83,88,80,6.51
49.54698795761624,-169.82909988696153,Aleksandrov Gay,RU,29.91,94,56,12.88
-16.5167413219352,6.835138845900076,Georgetown,SH,73.4,94,0,4.7
4.702321297005483,49.99815674109624,Warri,NG,76.71,89,44,7.74
-54.026531994414476,37.056891504662644,Ushuaia,AR,33.8,100,90,24.16
-60.60429349615703,15.634232667718862,Ushuaia,AR,33.8,100,90,24.16
-78.82087778200494,10.866424969920388,Ushuaia,AR,33.8,100,90,24.16
-27.883490912606398,-21.697029272515778,Vila Velha,BR,77.0,73,0,11.41
9.872749006912358,-13.65508025767636,Bauchi,NG,65.41,62,0,2.82
-33.42340090740081,54.54802006897174,Arraial Do Cabo,BR,76.17,84,36,18.37
-76.56401237605995,-71.37170353846679,Ushuaia,AR,33.8,100,90,24.16
-23.81925572880877,122.76322867911841,Caravelas,BR,77.74,98,24,17.81
55.83284290994564,84.22873448741427,Starobaltachevo,RU,32.7,96,88,10.42
-87.5414814091175,108.07955593166594,Ushuaia,AR,33.8,100,90,24.16
8.844350273782709,-83.87559419360484,Lafia,NG,74.41,83,0,7.74
-10.202781658532516,72.75424478293257,Georgetown,SH,73.4,94,0,4.7
-84.2693180462145,34.55829303881595,Ushuaia,AR,33.8,100,90,24.16
-63.02989327869724,-9.406507155014168,Ushuaia,AR,33.8,100,90,24.16
54.20914498663254,-8.615084270270444,Belebey,RU,32.52,98,92,9.86
64.70423719338902,-139.99739181055736,Muzhi,RU,15.69,85,56,9.19
47.101549846658855,131.187443212841,Yenotayevka,RU,43.32,98,88,15.46
15.393730482920901,72.2796061857241,Mao,TD,46.4,93,20,3.36
64.68886637221186,160.04853084840022,Muzhi,RU,15.69,85,56,9.19
-4.1893468374004215,-90.9540611469255,Tabou,CI,78.51,100,64,7.4
82.29405810381209,-52.55462111295152,Dikson,RU,-2.36,100,20,18.7
-22.755970280166963,-124.89928713130783,Georgetown,SH,73.4,94,0,4.7
77.12242818448888,-168.5927392890359,Dikson,RU,-2.36,100,20,18.7
-10.744820986468866,16.835013913523937,Georgetown,SH,73.4,94,0,4.7
56.26216510171477,-177.5851524085419,Chernushka,RU,32.25,95,88,9.98
-10.815606851367804,-31.093383745487728,Georgetown,SH,73.4,94,0,4.7
-45.470937719384324,77.3783508742352,Rocha,UY,42.78,62,0,7.85
56.27736675869943,-10.026827613948228,Chernushka,RU,32.25,95,88,9.98
-72.29691956044678,63.6264049572473,Ushuaia,AR,33.8,100,90,24.16
-22.501525828003082,76.43240022848875,Georgetown,SH,73.4,94,0,4.7
-65.7270353014297,-53.45304087139773,Ushuaia,AR,33.8,100,90,24.16
84.19925386209906,23.392380663483493,Dikson,RU,-2.36,100,20,18.7
-65.35724151609244,-6.1921146642767155,Ushuaia,AR,33.8,100,90,24.16
-82.59664728229892,88.90847585675789,Ushuaia,AR,33.8,100,90,24.16
64.26307526870912,-97.32489742036192,Igrim,RU,20.73,90,76,3.94
-86.90167782325972,-114.32859782311704,Ushuaia,AR,33.8,100,90,24.16
-1.9515320654472106,-97.65185152689992,Axim,GH,79.86,100,20,7.74
-3.857363168253684,-54.44262718322618,Axim,GH,79.86,100,20,7.74
88.90734461497058,93.43826682756026,Dikson,RU,-2.36,100,20,18.7
-8.334144967281361,103.84430900741944,Georgetown,SH,73.4,94,0,4.7
37.595924338951164,-47.82820753511788,Gaziantep,TR,57.2,50,75,6.93
41.886015530949976,68.68823408618331,Naruja,GE,63.46,34,0,24.16
72.52884861820814,153.13998778061273,Yar-Sale,RU,10.74,100,80,7.74
26.261257828264817,149.3434924888346,Matay,EG,58.03,90,0,4.83
53.890722059063194,-171.15479628900533,Priyutovo,RU,32.52,98,92,9.86
-38.65676411601724,-130.92114277918336,Cidreira,BR,58.26,86,0,10.2
89.53321259441151,-33.362587707944755,Dikson,RU,-2.36,100,20,18.7
-34.827936519169235,-139.33648046352135,Arraial Do Cabo,BR,76.17,84,36,18.37
-17.76382983358937,138.7428283607602,Georgetown,SH,73.4,94,0,4.7
85.266091920056,-122.31887342149726,Dikson,RU,-2.36,100,20,18.7
-50.96083145303166,-83.61122274758337,Mar Del Plata,AR,53.6,58,0,17.22
67.77333688727248,1.9951883973814972,Aksarka,RU,15.06,88,80,6.06
-65.9978199768965,-152.86238496008713,Ushuaia,AR,33.8,100,90,24.16
-36.90229257301826,19.331029957674247,Laguna,BR,44.6,93,1,1.36
-84.51473938314547,76.79713339332096,Ushuaia,AR,33.8,100,90,24.16
10.349947104775225,61.27406869163988,Bauchi,NG,65.41,62,0,2.82
36.40285380230726,-162.87294612527938,Belen,TR,66.2,45,75,10.29
53.7072242594582,-81.67521704270399,Abdulino,RU,32.74,97,92,10.2
36.469001095842046,-69.99832824150347,Belen,TR,66.2,45,75,10.29
70.66570167906448,120.78344957484319,Yar-Sale,RU,10.74,100,80,7.74
76.79704881380093,-101.15348182037528,Dikson,RU,-2.36,100,20,18.7
-63.68184592246312,-85.67698549710002,Ushuaia,AR,33.8,100,90,24.16
77.52220843194613,17.025348548394447,Dikson,RU,-2.36,100,20,18.7
-43.564518973254515,-87.65680132269739,Chuy,UY,47.91,93,0,8.63
-81.68917310940886,-132.48509169058127,Ushuaia,AR,33.8,100,90,24.16
27.518000518064667,-148.39379898308965,Matay,EG,58.03,90,0,4.83
27.45616363570278,-49.02191942563496,Matay,EG,58.03,90,0,4.83
-23.6927927984554,-128.54833965356755,Caravelas,BR,77.74,98,24,17.81
10.527288854516968,156.65317800417233,Duku,NG,69.15,65,8,2.59
60.442998067042566,-4.339727814290171,Ivdel,RU,20.14,78,0,6.96
-20.98228291936097,-148.41817765679454,Georgetown,SH,73.4,94,0,4.7
-17.234047750902704,-133.74244147244863,Georgetown,SH,73.4,94,0,4.7
-8.480235311294948,116.71402025942194,Georgetown,SH,73.4,94,0,4.7
-18.4705400687984,52.2173086840171,Georgetown,SH,73.4,94,0,4.7
38.99054997344541,25.209659032517635,Tunceli,TR,53.55,41,75,9.17
-44.36207056513969,12.92338551966995,Chuy,UY,47.91,93,0,8.63
-40.095751343852356,58.463594420348784,Cidreira,BR,58.26,86,0,10.2
80.90051400783426,-141.7612768480293,Dikson,RU,-2.36,100,20,18.7
46.61806091067305,49.1897741649546,Yenotayevka,RU,43.32,98,88,15.46
67.49714183784945,-170.00943652051743,Aksarka,RU,15.06,88,80,6.06
-28.503974117068523,137.13560370949938,Sao Joao Da Barra,BR,77.07,96,32,27.65
-47.98141682375876,-65.66838914284298,Mar Del Plata,AR,53.6,58,0,17.22
-7.383738181002016,136.667532314126,Georgetown,SH,73.4,94,0,4.7
-46.114427468158375,81.98445942383483,Mar Del Plata,AR,53.6,58,0,17.22
-85.13739019664933,119.29157496313752,Ushuaia,AR,33.8,100,90,24.16
-47.13370049392349,147.2787717794597,Mar Del Plata,AR,53.6,58,0,17.22
-70.24533581779613,-124.19343703527167,Ushuaia,AR,33.8,100,90,24.16
-28.773225174440242,-167.17430434832642,Sao Joao Da Barra,BR,77.07,96,32,27.65
-67.2292485345182,-61.65407303695815,Ushuaia,AR,33.8,100,90,24.16
64.35761145292645,-29.560999553804578,Muzhi,RU,15.69,85,56,9.19
-83.68300510188683,99.7968106475144,Ushuaia,AR,33.8,100,90,24.16
50.378945027491426,-35.86189743854672,Ozinki,RU,29.14,94,68,11.21
-11.99254946086981,127.71288545849609,Georgetown,SH,73.4,94,0,4.7
-25.183988952031484,-32.16163167214481,Vila Velha,BR,77.0,73,0,11.41
-20.313825868322027,131.7338563780114,Georgetown,SH,73.4,94,0,4.7
87.31218112960238,125.61770373931961,Dikson,RU,-2.36,100,20,18.7
-69.78923225810618,-56.66844589924543,Ushuaia,AR,33.8,100,90,24.16
28.367318910006503,-115.65762462003195,Matay,EG,58.03,90,0,4.83
89.98155720625027,71.10557289429195,Dikson,RU,-2.36,100,20,18.7
-74.39042193294802,-112.06540502615437,Ushuaia,AR,33.8,100,90,24.16
2.894698590942255,-166.6953612694769,Cotonou,BJ,80.6,88,40,4.7
-14.44332304737543,137.50225062931287,Georgetown,SH,73.4,94,0,4.7
-33.610724880353104,133.78925667990325,Arraial Do Cabo,BR,76.17,84,36,18.37
0.21779309497351562,59.86812566852683,Takoradi,GH,78.24,100,24,6.06
71.99312222219581,-41.171203616089485,Yar-Sale,RU,10.74,100,80,7.74
2.1767452176325435,-174.12381674651297,Anloga,GH,78.8,94,20,5.82
-0.4340946771945937,-9.26735152509454,Takoradi,GH,78.24,100,24,6.06
-69.2216664685564,-61.76119335384139,Ushuaia,AR,33.8,100,90,24.16
-14.133346943114944,-19.664432789373024,Georgetown,SH,73.4,94,0,4.7
2.0493263025365707,131.67679450327557,Anloga,GH,78.8,94,20,5.82
42.8247047234793,-69.90152262438782,Lentekhi,GE,44.49,63,56,1.7
-43.25249666658722,103.6488939580675,Chuy,UY,47.91,93,0,8.63
77.34029523547142,70.72186626334556,Dikson,RU,-2.36,100,20,18.7
82.34121948737703,-101.09685095140114,Dikson,RU,-2.36,100,20,18.7
78.86980452922788,-137.21611990182325,Dikson,RU,-2.36,100,20,18.7
-39.892559758516924,34.49589305152773,Cidreira,BR,58.26,86,0,10.2
-80.56758380689185,-75.54115820615985,Ushuaia,AR,33.8,100,90,24.16
87.11195064844821,87.34154717792376,Dikson,RU,-2.36,100,20,18.7
-83.67444950105852,176.95976474290353,Ushuaia,AR,33.8,100,90,24.16
74.8148318731599,161.7417897480887,Dikson,RU,-2.36,100,20,18.7
-89.46729904392731,-129.83595292932284,Ushuaia,AR,33.8,100,90,24.16
-29.155312799468604,-88.40099059926864,Sao Joao Da Barra,BR,77.07,96,32,27.65
-75.55929522089278,74.53919139966754,Ushuaia,AR,33.8,100,90,24.16
-73.28598216243986,-124.93921415324797,Ushuaia,AR,33.8,100,90,24.16
-41.59417047065276,143.47526000988506,Rio Grande,BR,54.84,100,0,11.43
-19.027027463117207,-129.1407804841421,Georgetown,SH,73.4,94,0,4.7
-45.48708914005651,-160.10771302491477,Rocha,UY,42.78,62,0,7.85
-72.14126522153019,-47.18390315285794,Ushuaia,AR,33.8,100,90,24.16
12.672048119778182,-164.75163878875426,Diffa,NE,72.12,28,0,10.98
62.22713040200409,-32.8025270469966,Agirish,RU,25.99,88,88,5.28
-1.945721280526385,-83.5896975067773,Axim,GH,79.86,100,20,7.74
67.05029577925359,161.43495419425358,Salekhard,RU,14.83,88,80,6.51
62.40864550645816,6.383979364702782,Agirish,RU,25.99,88,88,5.28
-27.573744627130594,62.51537189062586,Vila Velha,BR,77.0,73,0,11.41
-12.278324126430434,58.48663488121514,Georgetown,SH,73.4,94,0,4.7
-32.75573145744477,45.32782859930899,Arraial Do Cabo,BR,76.17,84,36,18.37
-30.560693741152647,-150.0638645725587,Arraial Do Cabo,BR,76.17,84,36,18.37
-52.933153605749474,101.12050280344948,Ushuaia,AR,33.8,100,90,24.16
12.734770615599047,138.0133794495921,Diffa,NE,72.12,28,0,10.98
43.038029331137665,141.81956143547427,Chegem,RU,29.55,56,20,2.15
14.643238135878121,-129.04426381771316,Mao,TD,46.4,93,20,3.36
-55.830028702719424,57.12110799925941,Ushuaia,AR,33.8,100,90,24.16
30.794819315036236,58.73930995825873,Tala,EG,58.39,88,44,2.93
4.065792225811251,76.74850475081752,Warri,NG,76.71,89,44,7.74
43.13666072083362,95.83591110113497,Chegem,RU,29.55,56,20,2.15
1.0365314911765466,-65.8177063076582,Mumford,GH,75.0,94,20,4.61
-0.7209498196484674,-153.50469721967156,Takoradi,GH,78.24,100,24,6.06
58.522011802138536,-58.88353899430169,Sarany,RU,27.57,86,80,11.54
-89.17206575000475,-176.87637394381295,Ushuaia,AR,33.8,100,90,24.16
73.4470597324306,-24.138245021998472,Dikson,RU,-2.36,100,20,18.7
-38.21997217787297,-98.3239854625514,Laguna,BR,44.6,93,1,1.36
60.985569499819576,-115.27307393983924,Ous,RU,25.05,88,36,5.95
0.69555795906399,-64.0616964985749,Mumford,GH,75.0,94,20,4.61
44.77585824405352,71.30154977155368,Levokumskoye,RU,45.57,99,68,6.96
62.53730209290498,-12.082301136431454,Agirish,RU,25.99,88,88,5.28
-57.072316092807995,130.26290295012387,Ushuaia,AR,33.8,100,90,24.16
-43.883161636129216,-2.146048249060726,Chuy,UY,47.91,93,0,8.63
-42.98454671337881,70.36277347882759,Chuy,UY,47.91,93,0,8.63
48.172239545553765,-160.76556270249836,Tambovka,RU,3.2,38,0,8.95
4.775397153536943,89.98961986000063,Warri,NG,76.71,89,44,7.74
54.96318483488915,-158.39348044963864,Alekseyevka,RU,35.04,98,92,8.08
-27.956918154580677,33.7747643263524,Vila Velha,BR,77.0,73,0,11.41
-37.165090321796875,-49.0644690303275,Laguna,BR,44.6,93,1,1.36
-73.81108849964599,-39.7136267373418,Ushuaia,AR,33.8,100,90,24.16
-11.024329939940401,36.10471853399005,Georgetown,SH,73.4,94,0,4.7
57.965606887720924,-92.97237569935756,Lysva,RU,30.45,87,80,11.43
6.306390634247947,-154.27877296744992,Agbor,NG,75.45,95,32,3.94
49.911944565981315,-21.669264193339757,Ozinki,RU,29.14,94,68,11.21
-58.66773412935973,-26.636195502882714,Ushuaia,AR,33.8,100,90,24.16
47.95133699329219,-63.358119464305815,Tambovka,RU,3.2,38,0,8.95
-9.63407782392801,139.17838862495847,Georgetown,SH,73.4,94,0,4.7
-45.753892254622066,-112.09868999818742,Mar Del Plata,AR,53.6,58,0,17.22
70.28325721818229,-122.86924012500403,Yar-Sale,RU,10.74,100,80,7.74
-65.04619197051598,117.72786998187837,Ushuaia,AR,33.8,100,90,24.16
80.12735831017079,-2.2774696932966947,Dikson,RU,-2.36,100,20,18.7
31.62815252944037,-170.1558413363727,Damietta,EG,69.8,83,40,8.05
78.1793466471834,25.759466067269955,Dikson,RU,-2.36,100,20,18.7
10.86331037671853,30.179135627037056,Duku,NG,69.15,65,8,2.59
45.00068462509776,44.77325800593752,Urozhaynoye,RU,47.73,98,20,6.73
-35.336028552438854,62.6223409166528,Arraial Do Cabo,BR,76.17,84,36,18.37
50.12285441159233,-101.54430596382988,Ozinki,RU,29.14,94,68,11.21
-59.92388655964142,139.1220124224768,Ushuaia,AR,33.8,100,90,24.16
-66.9995799490695,117.53065502427603,Ushuaia,AR,33.8,100,90,24.16
81.45477438683542,-82.71972556596002,Dikson,RU,-2.36,100,20,18.7
70.82846286982237,-9.880885282803035,Yar-Sale,RU,10.74,100,80,7.74
-69.85395545186293,50.69472492620551,Ushuaia,AR,33.8,100,90,24.16
46.141456591124125,-109.24149497836393,Yashkul,RU,50.34,96,92,11.77
87.44442682887245,-177.099056290109,Dikson,RU,-2.36,100,20,18.7
-76.61751363600486,-5.320432748095072,Ushuaia,AR,33.8,100,90,24.16
-30.502785600473082,-24.48122965179138,Arraial Do Cabo,BR,76.17,84,36,18.37
88.94211262887347,-140.41985314561796,Dikson,RU,-2.36,100,20,18.7
86.43764559238261,-79.84923055311909,Dikson,RU,-2.36,100,20,18.7
84.14705061638824,70.23311143740625,Dikson,RU,-2.36,100,20,18.7
-51.66546610938371,157.96792677728115,Mar Del Plata,AR,53.6,58,0,17.22
88.34490434598752,-110.30772526916275,Dikson,RU,-2.36,100,20,18.7
-44.89120146643682,-70.9353793667441,Rocha,UY,42.78,62,0,7.85
-64.42293274613823,-109.81435654068365,Ushuaia,AR,33.8,100,90,24.16
35.63043669070352,152.31085053966217,Jablah,SY,73.4,43,40,4.7
-37.50769575552267,167.71108416637634,Laguna,BR,44.6,93,1,1.36
80.8403286368916,-147.71507083586502,Dikson,RU,-2.36,100,20,18.7
81.80586331688022,120.03700257605067,Dikson,RU,-2.36,100,20,18.7
-27.442766622161095,-1.0396007894220247,Vila Velha,BR,77.0,73,0,11.41
80.98778182287697,72.07340683881634,Dikson,RU,-2.36,100,20,18.7
-54.037222143207536,-168.69427336732164,Ushuaia,AR,33.8,100,90,24.16
69.21430811967033,40.54132591866366,Yar-Sale,RU,10.74,100,80,7.74
81.95948734202193,-103.51194056106058,Dikson,RU,-2.36,100,20,18.7
-62.95383610992306,-150.04664172855198,Ushuaia,AR,33.8,100,90,24.16
32.69174390158125,-43.955122153547876,Port Said,EG,69.8,83,40,8.05
-7.530911955166957,-27.42020926519396,Georgetown,SH,73.4,94,0,4.7
49.98409327417943,-166.09217861079813,Ozinki,RU,29.14,94,68,11.21
-24.014122728254904,-92.98312518742199,Caravelas,BR,77.74,98,24,17.81
68.94275835072443,31.358192772857166,Aksarka,RU,15.06,88,80,6.06
32.909659756844206,33.14259159490024,Port Said,EG,69.8,83,40,8.05
45.33366153254235,179.48705608798826,Zaterechnyy,RU,47.73,98,20,6.73
-48.216084534827004,173.7261580712738,Mar Del Plata,AR,53.6,58,0,17.22
32.38722258587258,-109.55690857747743,Port Said,EG,69.8,83,40,8.05
40.00024190703974,-142.48910666185645,Bayburt,TR,32.97,90,92,3.15
-25.819723497552275,-38.25039855294156,Vila Velha,BR,77.0,73,0,11.41
-69.63225437871145,-147.4333556832602,Ushuaia,AR,33.8,100,90,24.16
-23.102687823392145,148.5179031925009,Caravelas,BR,77.74,98,24,17.81
70.78488595805254,20.159756455702876,Yar-Sale,RU,10.74,100,80,7.74
-2.9700044144679794,-2.5932641916788555,Axim,GH,79.86,100,20,7.74
47.55104989299423,130.7420621130235,Tambovka,RU,3.2,38,0,8.95
-46.107394274365376,-169.58234546045082,Mar Del Plata,AR,53.6,58,0,17.22
9.494222486901023,152.88811166345698,Jos,NG,64.11,66,12,2.48
47.93492275966426,3.19277638756364,Tambovka,RU,3.2,38,0,8.95
-17.825657347800558,79.81692219171254,Georgetown,SH,73.4,94,0,4.7
31.301815541717218,24.73132223882581,Talkha,EG,60.15,85,0,3.27
-9.352374113380407,-165.38353837832156,Georgetown,SH,73.4,94,0,4.7
-68.96035550656804,165.18738842298103,Ushuaia,AR,33.8,100,90,24.16
-83.93473286212055,56.351389043057765,Ushuaia,AR,33.8,100,90,24.16
-65.54611763802619,117.62827923451135,Ushuaia,AR,33.8,100,90,24.16
27.50152992341242,-64.30649917372138,Matay,EG,58.03,90,0,4.83
-63.609000178596666,-1.171924851577188,Ushuaia,AR,33.8,100,90,24.16
-40.14658892507702,-32.192690256285516,Cidreira,BR,58.26,86,0,10.2
-5.663485692938778,-62.12281349616984,Georgetown,SH,73.4,94,0,4.7
-19.670135831854253,10.302720169924669,Georgetown,SH,73.4,94,0,4.7
-23.870986742111896,110.48585651116008,Caravelas,BR,77.74,98,24,17.81
-22.52193377959682,85.90891751060644,Georgetown,SH,73.4,94,0,4.7
-53.397388435605535,134.65892081797085,Ushuaia,AR,33.8,100,90,24.16
-21.074526795274707,-0.08303363430243849,Georgetown,SH,73.4,94,0,4.7
-19.748644736973247,-144.1021170979282,Georgetown,SH,73.4,94,0,4.7
8.596761459829295,-103.88428726214626,Lafia,NG,74.41,83,0,7.74
-21.653292867414507,-103.2878288397352,Georgetown,SH,73.4,94,0,4.7
-32.529694217695685,-93.45100890521464,Arraial Do Cabo,BR,76.17,84,36,18.37
-12.626701693606663,123.98251386847221,Georgetown,SH,73.4,94,0,4.7
-28.89918541361711,-123.49295393781733,Sao Joao Da Barra,BR,77.07,96,32,27.65
-61.59264245036639,-11.213385383427322,Ushuaia,AR,33.8,100,90,24.16
-56.01686645976608,-16.507248458232567,Ushuaia,AR,33.8,100,90,24.16
-38.060459442707455,76.27977353632332,Laguna,BR,44.6,93,1,1.36
-88.62003579475741,98.62567239123047,Ushuaia,AR,33.8,100,90,24.16
-67.83190750937953,-179.38758812787734,Ushuaia,AR,33.8,100,90,24.16
88.89810009064993,-143.57732806963253,Dikson,RU,-2.36,100,20,18.7
72.13229179275959,-112.80342410090886,Yar-Sale,RU,10.74,100,80,7.74
-27.398893527529637,172.92379415471015,Vila Velha,BR,77.0,73,0,11.41
80.45435299631404,-131.07639667296468,Dikson,RU,-2.36,100,20,18.7
-89.56697259900771,-85.54359336452514,Ushuaia,AR,33.8,100,90,24.16
-89.91090889708433,127.23175222786233,Ushuaia,AR,33.8,100,90,24.16
-70.01877024863552,-108.17768276215003,Ushuaia,AR,33.8,100,90,24.16
-70.27909865026668,16.58043563051004,Ushuaia,AR,33.8,100,90,24.16
45.85146396331348,92.69421598000213,Komsomolskiy,RU,45.75,57,0,2.93
-31.29678799305202,12.764754345840629,Arraial Do Cabo,BR,76.17,84,36,18.37
-24.764578249492118,173.11284729888314,Caravelas,BR,77.74,98,24,17.81
85.53574727724614,60.21466194226582,Dikson,RU,-2.36,100,20,18.7
78.52111797349542,146.84025400728302,Dikson,RU,-2.36,100,20,18.7
-87.55836269099885,-117.17665640426108,Ushuaia,AR,33.8,100,90,24.16
-78.22197373084862,42.942325655543925,Ushuaia,AR,33.8,100,90,24.16
-48.44989458493906,-71.44300102604062,Mar Del Plata,AR,53.6,58,0,17.22
81.3155683488744,42.70463427682341,Dikson,RU,-2.36,100,20,18.7
-49.60315309483965,131.17371412049874,Mar Del Plata,AR,53.6,58,0,17.22
54.96288814095681,168.01279936867843,Alekseyevka,RU,35.04,98,92,8.08
-21.753334297639455,129.85312360822633,Georgetown,SH,73.4,94,0,4.7
46.38080001249958,-104.32199821419675,Zenzeli,RU,50.79,94,92,14.79
-71.0297401059219,-29.49158732283564,Ushuaia,AR,33.8,100,90,24.16
-70.51797332538509,-141.56839544259776,Ushuaia,AR,33.8,100,90,24.16
-48.19510134639417,2.9955841499030385,Mar Del Plata,AR,53.6,58,0,17.22
69.70588252618737,46.59375614698368,Yar-Sale,RU,10.74,100,80,7.74
62.65458207230711,141.50999232477506,Agirish,RU,25.99,88,88,5.28
-86.58098494177909,-151.5334449154952,Ushuaia,AR,33.8,100,90,24.16
3.258441816563817,-1.820986433940874,Lagos,NG,78.78,94,12,6.17
47.24514724414479,20.230813828558553,Tambovka,RU,3.2,38,0,8.95
74.27856041649773,-35.433595391815686,Dikson,RU,-2.36,100,20,18.7
-53.858983920283386,-64.27598646553116,Ushuaia,AR,33.8,100,90,24.16
-43.62559493746787,-101.6203397739078,Chuy,UY,47.91,93,0,8.63
1.282430134857293,-75.50132458987336,Mumford,GH,75.0,94,20,4.61
-69.70977976936116,81.03621382230381,Ushuaia,AR,33.8,100,90,24.16
41.16815900286423,132.6583608502504,Ardesen,TR,64.4,34,0,24.16
-34.661663801182954,-70.0313681296761,Arraial Do Cabo,BR,76.17,84,36,18.37
49.85256228455012,-77.08072377708308,Aleksandrov Gay,RU,29.91,94,56,12.88
-88.86988607697774,175.66233332426413,Ushuaia,AR,33.8,100,90,24.16
4.430917728479514,126.9105731099034,Warri,NG,76.71,89,44,7.74
50.28501040509113,-119.26023623073866,Ozinki,RU,29.14,94,68,11.21
76.61282474951167,82.88008888963611,Dikson,RU,-2.36,100,20,18.7
84.06426890143061,-156.8638946458578,Dikson,RU,-2.36,100,20,18.7
-89.2128144766287,132.40060898046835,Ushuaia,AR,33.8,100,90,24.16
53.834648564397355,24.889016906411882,Priyutovo,RU,32.52,98,92,9.86
-67.52633052139626,54.67778296092649,Ushuaia,AR,33.8,100,90,24.16
85.55879495104963,-153.74215704854996,Dikson,RU,-2.36,100,20,18.7
86.69673626284705,108.52578781072066,Dikson,RU,-2.36,100,20,18.7
-83.5702532235692,43.643492070703445,Ushuaia,AR,33.8,100,90,24.16
-66.78252802316193,104.35787269401703,Ushuaia,AR,33.8,100,90,24.16
-21.077609156888997,32.53318335184184,Georgetown,SH,73.4,94,0,4.7
-35.02855604055344,-129.2275005594613,Arraial Do Cabo,BR,76.17,84,36,18.37
-10.758783848281212,-121.6992647603617,Georgetown,SH,73.4,94,0,4.7
-45.364802575311195,-134.931319544319,Rocha,UY,42.78,62,0,7.85
47.936585189566955,94.38130709152546,Tambovka,RU,3.2,38,0,8.95
13.414165767287798,87.30033790751946,Diffa,NE,72.12,28,0,10.98
55.5626495424128,-43.90176848854068,Birsk,RU,32.43,97,88,9.19
-71.86408774521664,-15.291136601111987,Ushuaia,AR,33.8,100,90,24.16
-24.83701987548754,126.49817083612197,Caravelas,BR,77.74,98,24,17.81
11.105293973290657,-90.20437781868256,Duku,NG,69.15,65,8,2.59
-73.85666869884392,-37.4724529670583,Ushuaia,AR,33.8,100,90,24.16
-45.18843128358826,-75.72159469692237,Rocha,UY,42.78,62,0,7.85
72.95498396542996,6.5862777459731205,Yar-Sale,RU,10.74,100,80,7.74
-55.59026206766304,168.6558756902823,Ushuaia,AR,33.8,100,90,24.16
-1.3152723306237135,30.41253203320761,Takoradi,GH,78.24,100,24,6.06
-77.76209271836119,33.30810689337662,Ushuaia,AR,33.8,100,90,24.16
-76.97888332814576,25.345894278128952,Ushuaia,AR,33.8,100,90,24.16
73.86974247949155,93.71676108711443,Dikson,RU,-2.36,100,20,18.7
-24.035259669421748,116.13914502979691,Caravelas,BR,77.74,98,24,17.81
-16.155855359098155,-107.36853581462118,Georgetown,SH,73.4,94,0,4.7
7.139215054970734,108.51472973226805,Nsukka,NG,73.96,94,68,5.06
-81.7555755543662,-119.14373178033597,Ushuaia,AR,33.8,100,90,24.16
-13.297141609590398,-2.437273779026384,Georgetown,SH,73.4,94,0,4.7
-57.769930257430445,23.453169903861976,Ushuaia,AR,33.8,100,90,24.16
-22.42555493457418,108.9300514703894,Georgetown,SH,73.4,94,0,4.7
80.77066989078807,-46.81827538967471,Dikson,RU,-2.36,100,20,18.7
-8.258156216037165,165.42143002179415,Georgetown,SH,73.4,94,0,4.7
-1.5723150055158612,178.46973103665704,Takoradi,GH,78.24,100,24,6.06
-34.213863858578186,-123.76807219011101,Arraial Do Cabo,BR,76.17,84,36,18.37
-28.315688918521396,161.12078258365352,Sao Joao Da Barra,BR,77.07,96,32,27.65
-37.42247675126416,-123.172235761503,Laguna,BR,44.6,93,1,1.36
-70.44428897545511,81.79709481727366,Ushuaia,AR,33.8,100,90,24.16
86.08778214888238,-159.8235627832019,Dikson,RU,-2.36,100,20,18.7
43.13380020297774,72.66991565785099,Chegem,RU,29.55,56,20,2.15
32.74607006593946,-8.867668018767802,Port Said,EG,69.8,83,40,8.05
0.17079006205754865,-77.32474747622281,Takoradi,GH,78.24,100,24,6.06
-35.81948652290177,95.13118311522896,Arraial Do Cabo,BR,76.17,84,36,18.37
-74.4369661330605,105.23941742419123,Ushuaia,AR,33.8,100,90,24.16
56.294334387608444,-117.3467125657772,Chernushka,RU,32.25,95,88,9.98
-68.20724564930151,-23.842732166735345,Ushuaia,AR,33.8,100,90,24.16
-18.45480437003218,-139.0008969016118,Georgetown,SH,73.4,94,0,4.7
68.93507504051436,-170.22483002023847,Aksarka,RU,15.06,88,80,6.06
-69.76872645649308,97.8664367580144,Ushuaia,AR,33.8,100,90,24.16
76.13513914634754,120.57288210801687,Dikson,RU,-2.36,100,20,18.7
70.33395635902212,-156.7932657372889,Yar-Sale,RU,10.74,100,80,7.74
-77.308829506778,156.02748603722858,Ushuaia,AR,33.8,100,90,24.16
-57.1038746985971,144.8261089655183,Ushuaia,AR,33.8,100,90,24.16
-18.90304223375864,-23.326007681838064,Georgetown,SH,73.4,94,0,4.7
-33.37686379947018,-29.576793178695368,Arraial Do Cabo,BR,76.17,84,36,18.37
-17.41566040344864,-65.11856194533553,Georgetown,SH,73.4,94,0,4.7
-46.04304867173972,-142.8602099049492,Mar Del Plata,AR,53.6,58,0,17.22
-35.81813908822718,92.21558261222123,Arraial Do Cabo,BR,76.17,84,36,18.37
64.7550140489812,-20.46057367981325,Muzhi,RU,15.69,85,56,9.19
-44.63859272637575,8.398797104879009,Rocha,UY,42.78,62,0,7.85
66.9607915064216,-39.44497910372658,Salekhard,RU,14.83,88,80,6.51
14.762129018764597,-14.725424880960361,Mao,TD,46.4,93,20,3.36
65.10909090659115,32.034370091334125,Muzhi,RU,15.69,85,56,9.19
-3.9934218950417204,128.3115360257466,Axim,GH,79.86,100,20,7.74
-23.043273574147463,18.05040317332484,Caravelas,BR,77.74,98,24,17.81
52.158665342190915,-26.919404335970967,Kurmanayevka,RU,32.52,95,44,10.31
-36.78310508474535,171.89659739498614,Laguna,BR,44.6,93,1,1.36
88.78504879884062,74.09367750066266,Dikson,RU,-2.36,100,20,18.7
60.34254922827773,-168.36385753893984,Ivdel,RU,20.14,78,0,6.96
70.8346229756055,-85.8377508436349,Yar-Sale,RU,10.74,100,80,7.74
-87.91509182386584,-176.9568802498265,Ushuaia,AR,33.8,100,90,24.16
-24.49107533859427,115.86598886884838,Caravelas,BR,77.74,98,24,17.81
-16.059440928843102,26.56729881527943,Georgetown,SH,73.4,94,0,4.7
82.03857914979119,0.321593243301038,Dikson,RU,-2.36,100,20,18.7
66.21073534801155,89.44842108080775,Labytnangi,RU,14.83,88,80,6.51
-68.14989121419998,33.15213853727661,Ushuaia,AR,33.8,100,90,24.16
-16.165275627396497,89.01579675226697,Georgetown,SH,73.4,94,0,4.7
-57.48188103272129,-0.9261699559511101,Ushuaia,AR,33.8,100,90,24.16
86.00292145686416,-75.19096692374686,Dikson,RU,-2.36,100,20,18.7
-13.718037422401437,159.0211810549103,Georgetown,SH,73.4,94,0,4.7
-52.78735317502054,-105.84415088270077,Necochea,AR,52.63,76,80,18.25
6.23043722654856,-110.51163903375847,Agbor,NG,75.45,95,32,3.94
-66.74587141154505,-15.860119489238372,Ushuaia,AR,33.8,100,90,24.16
-48.79807463259574,-177.3286809428739,Mar Del Plata,AR,53.6,58,0,17.22
-80.54013091818551,-157.81454794469988,Ushuaia,AR,33.8,100,90,24.16
-89.98747881681393,31.290212509532893,Ushuaia,AR,33.8,100,90,24.16
-42.534706799057176,-123.33581310759297,Chuy,UY,47.91,93,0,8.63
-64.2369213969006,-24.668205109196407,Ushuaia,AR,33.8,100,90,24.16
47.58258046496911,98.93498087298696,Tambovka,RU,3.2,38,0,8.95
67.52554672892654,-89.65208898426364,Aksarka,RU,15.06,88,80,6.06
-1.9984988731958282,158.2108035408583,Axim,GH,79.86,100,20,7.74
-82.38011535595311,-80.40623425215945,Ushuaia,AR,33.8,100,90,24.16
-81.5597281569301,-0.2590277398728915,Ushuaia,AR,33.8,100,90,24.16
12.605759588722549,157.46703987296576,Diffa,NE,72.12,28,0,10.98
-58.61694416763221,29.24987741208423,Ushuaia,AR,33.8,100,90,24.16
-62.04636135410494,-129.51735791720296,Ushuaia,AR,33.8,100,90,24.16
-7.561759704174719,-61.923444008467186,Georgetown,SH,73.4,94,0,4.7
-28.621423522636533,-124.99289052863585,Sao Joao Da Barra,BR,77.07,96,32,27.65
-18.12000392428574,-60.66092111285815,Georgetown,SH,73.4,94,0,4.7
77.93837347316648,-171.04415808658223,Dikson,RU,-2.36,100,20,18.7
11.305186848038687,76.72626758044714,Daura,NG,71.94,33,0,11.65
59.977370968615276,-144.58546566189278,Volchansk,RU,27.34,79,20,6.62
72.10286774862945,-128.99125831354633,Yar-Sale,RU,10.74,100,80,7.74
-66.10390250526822,-29.036302459285338,Ushuaia,AR,33.8,100,90,24.16
-3.7560835468346596,8.06082955561871,Axim,GH,79.86,100,20,7.74
-74.41102963047871,-173.41662840692808,Ushuaia,AR,33.8,100,90,24.16
73.51201551877449,138.40731127392786,Dikson,RU,-2.36,100,20,18.7
-8.45279429636058,-36.22410901703367,Georgetown,SH,73.4,94,0,4.7
-74.38882947346804,-129.0189949342798,Ushuaia,AR,33.8,100,90,24.16
37.43481129618846,113.47595687421523,Gaziantep,TR,57.2,50,75,6.93
12.679127626471825,-90.38792052857139,Diffa,NE,72.12,28,0,10.98
-27.115403190538913,69.5161105138707,Vila Velha,BR,77.0,73,0,11.41
16.56500415779483,80.9637324590866,Mao,TD,46.4,93,20,3.36
-20.698056971929375,-35.18027981176229,Georgetown,SH,73.4,94,0,4.7
-12.565474089348925,-100.726756567062,Georgetown,SH,73.4,94,0,4.7
-77.63984755772194,-74.84729237901094,Ushuaia,AR,33.8,100,90,24.16
64.33430671641415,-178.6475761718379,Muzhi,RU,15.69,85,56,9.19
-61.523212430092386,-92.29995209297421,Ushuaia,AR,33.8,100,90,24.16
-76.3272434692178,130.43448718751705,Ushuaia,AR,33.8,100,90,24.16
-34.80663264600179,122.03048457525966,Arraial Do Cabo,BR,76.17,84,36,18.37
-21.575186899907905,15.958186724172549,Georgetown,SH,73.4,94,0,4.7
-45.64985626033691,125.3897894989222,Rocha,UY,42.78,62,0,7.85
62.514220625237755,-136.86781393061722,Agirish,RU,25.99,88,88,5.28
-89.3408800222203,53.981506354540954,Ushuaia,AR,33.8,100,90,24.16
26.856683354762396,-96.55856324769569,Matay,EG,58.03,90,0,4.83
-68.88135862435026,-22.742958018768576,Ushuaia,AR,33.8,100,90,24.16
16.482261425310483,-77.96528584197594,Mao,TD,46.4,93,20,3.36
62.178993120288936,143.11465361035266,Agirish,RU,25.99,88,88,5.28
-24.875657434049756,35.04392823607233,Caravelas,BR,77.74,98,24,17.81
48.22169348772306,-79.12116607675605,Tambovka,RU,3.2,38,0,8.95
-27.456324763766474,52.82696113414613,Vila Velha,BR,77.0,73,0,11.41
11.579046135915945,30.43368387280512,Daura,NG,71.94,33,0,11.65
-31.244461485597668,-27.078803553823548,Arraial Do Cabo,BR,76.17,84,36,18.37
78.55368827010278,-118.21351629377406,Dikson,RU,-2.36,100,20,18.7
-16.89525151131349,-85.93646422301983,Georgetown,SH,73.4,94,0,4.7
-45.19615650973392,126.30586250604028,Rocha,UY,42.78,62,0,7.85
62.78565812725603,-127.75542327594356,Agirish,RU,25.99,88,88,5.28
41.388260043286635,117.65771556474436,Makhinjauri,GE,64.4,34,0,24.16
58.543632721137925,-20.505743620357492,Sarany,RU,27.57,86,80,11.54
15.062475915172584,-144.3812528745387,Mao,TD,46.4,93,20,3.36
44.742241118891314,-15.348499282123555,Pravokumskoye,RU,45.57,99,68,6.96
-77.45502777091711,-42.18622070039291,Ushuaia,AR,33.8,100,90,24.16
74.87706371914746,132.84296927181356,Dikson,RU,-2.36,100,20,18.7
34.14811272997764,-175.3063446838998,Paralimni,CY,67.89,56,20,2.24
84.34036860616655,-99.92341594571825,Dikson,RU,-2.36,100,20,18.7
-51.094933393494074,9.039910342179354,Mar Del Plata,AR,53.6,58,0,17.22
-57.143118408005535,-173.4489184515993,Ushuaia,AR,33.8,100,90,24.16
56.59672379055837,165.47369564026224,Uinskoye,RU,30.81,89,80,7.63
-0.9057735088551198,57.34530331542089,Takoradi,GH,78.24,100,24,6.06
39.087639839930205,-2.966239994046248,Tunceli,TR,53.55,41,75,9.17
52.0834803921006,153.5776379471452,Kurmanayevka,RU,32.52,95,44,10.31
55.43050990543571,-47.86132674659234,Birsk,RU,32.43,97,88,9.19
-31.53547841688107,-97.8826998883577,Arraial Do Cabo,BR,76.17,84,36,18.37
27.389191559672284,158.88086977377276,Matay,EG,58.03,90,0,4.83
-47.558350352397305,-43.485457865883916,Mar Del Plata,AR,53.6,58,0,17.22
1.7633961839037369,-101.30968123797186,Anloga,GH,78.8,94,20,5.82
-3.710327170354276,147.3225747396313,Axim,GH,79.86,100,20,7.74
-7.699689248654664,-142.7966371655388,Georgetown,SH,73.4,94,0,4.7
-53.122822189147115,-161.37196159994892,Ushuaia,AR,33.8,100,90,24.16
-44.73580348706882,-162.46989205152894,Rocha,UY,42.78,62,0,7.85
-30.685774928712803,-160.5230882605244,Arraial Do Cabo,BR,76.17,84,36,18.37
8.741108311489171,164.78091104840706,Lafia,NG,74.41,83,0,7.74
-22.469086013686763,19.006537268268033,Georgetown,SH,73.4,94,0,4.7
44.733907362450566,59.44821894018821,Pravokumskoye,RU,45.57,99,68,6.96
-71.35691241434978,163.24376224008915,Ushuaia,AR,33.8,100,90,24.16
68.76403662523066,-150.399980153007,Aksarka,RU,15.06,88,80,6.06
74.6409764048459,-54.71114995160045,Dikson,RU,-2.36,100,20,18.7
27.42873070216234,93.10636683535517,Matay,EG,58.03,90,0,4.83
12.422377498935276,141.06998596370755,Damaturu,NG,70.77,32,0,9.86
-63.72949235087407,118.61497790837461,Ushuaia,AR,33.8,100,90,24.16
-4.543477866010832,126.91036577643979,Tabou,CI,78.51,100,64,7.4
3.76925203886114,98.96768402033109,Warri,NG,76.71,89,44,7.74
-70.0076818779473,-7.4902302667928495,Ushuaia,AR,33.8,100,90,24.16
74.04263631511901,-125.74437636136483,Dikson,RU,-2.36,100,20,18.7
49.0979665210854,176.02232763198526,Aleksandrov Gay,RU,29.91,94,56,12.88
38.866747583654245,104.92567709422156,Tunceli,TR,53.55,41,75,9.17
68.32008871888092,-11.724185384559377,Aksarka,RU,15.06,88,80,6.06
-16.77856357711758,61.90207087245497,Georgetown,SH,73.4,94,0,4.7
-25.356956939009933,167.58728527122292,Vila Velha,BR,77.0,73,0,11.41
78.3255129441279,44.00184609310182,Dikson,RU,-2.36,100,20,18.7
-86.13335793113721,-93.37839372900655,Ushuaia,AR,33.8,100,90,24.16
-19.574691086351976,120.07261751609121,Georgetown,SH,73.4,94,0,4.7
85.02610471626323,8.462045508770672,Dikson,RU,-2.36,100,20,18.7
46.39116407446397,40.887291537768306,Zenzeli,RU,50.79,94,92,14.79
-87.17324800189098,128.7251475706073,Ushuaia,AR,33.8,100,90,24.16
-25.92166307589997,-59.512586039994076,Vila Velha,BR,77.0,73,0,11.41
-71.66004226760309,-163.46303141272057,Ushuaia,AR,33.8,100,90,24.16
39.327575813694665,62.64636290921874,Tunceli,TR,53.55,41,75,9.17
70.83835482915458,-19.555573199184295,Yar-Sale,RU,10.74,100,80,7.74
-9.36443369120272,27.24257292130426,Georgetown,SH,73.4,94,0,4.7
38.45368799682805,-167.6574294050723,Malatya,TR,51.8,62,75,2.24
-63.682016639198224,-67.268924352428,Ushuaia,AR,33.8,100,90,24.16
-74.81219159016331,131.81268357283545,Ushuaia,AR,33.8,100,90,24.16
7.660941889353651,-151.1540549179082,Ankpa,NG,76.39,84,0,7.52
-78.06366401286593,-66.553653637587,Ushuaia,AR,33.8,100,90,24.16
-69.19431294138509,16.136611670408428,Ushuaia,AR,33.8,100,90,24.16
86.25299462800535,-20.86039533617935,Dikson,RU,-2.36,100,20,18.7
40.38410474754335,30.943604824172155,Bayburt,TR,32.97,90,92,3.15
27.170843878370405,-82.65032451952398,Matay,EG,58.03,90,0,4.83
41.96121348807492,-167.77582924761091,Naruja,GE,63.46,34,0,24.16
-83.35572583005032,169.4164702876319,Ushuaia,AR,33.8,100,90,24.16
36.4476896109616,136.2805418782737,Belen,TR,66.2,45,75,10.29
55.01187800614417,-166.93969142494154,Alekseyevka,RU,35.04,98,92,8.08
-6.580963151615904,31.36595521589072,Georgetown,SH,73.4,94,0,4.7
71.84856815637337,25.556532723711314,Yar-Sale,RU,10.74,100,80,7.74
62.63669873964599,109.24453904167228,Agirish,RU,25.99,88,88,5.28
-34.154877701625146,173.67541971886237,Arraial Do Cabo,BR,76.17,84,36,18.37
-50.08675431877239,-34.22350408553385,Mar Del Plata,AR,53.6,58,0,17.22
4.533848111807188,165.03364825633258,Warri,NG,76.71,89,44,7.74
32.220943058476124,51.48419826214962,Damietta,EG,69.8,83,40,8.05
-0.661186823555397,132.31766324007765,Takoradi,GH,78.24,100,24,6.06
-71.52765466408633,142.9844175153308,Ushuaia,AR,33.8,100,90,24.16
-10.021843796747774,110.90506003298918,Georgetown,SH,73.4,94,0,4.7
-14.742300095699491,100.52140502743947,Georgetown,SH,73.4,94,0,4.7
5.462267515630742,-158.3029971974814,Warri,NG,76.71,89,44,7.74
45.92388613597487,121.24461607320859,Komsomolskiy,RU,45.75,57,0,2.93
30.543439064127426,-21.657742384887797,Tala,EG,58.39,88,44,2.93
76.33805427775187,154.2480909287732,Dikson,RU,-2.36,100,20,18.7
79.63635237820222,-132.58870664884415,Dikson,RU,-2.36,100,20,18.7
70.466878516381,1.70910074185673,Yar-Sale,RU,10.74,100,80,7.74
-43.087983287084676,152.24674400819288,Chuy,UY,47.91,93,0,8.63
-72.27475547472717,45.48942550440404,Ushuaia,AR,33.8,100,90,24.16
32.80545644313236,110.31629188775281,Port Said,EG,69.8,83,40,8.05
-1.1752603657400726,-3.599900601141286,Takoradi,GH,78.24,100,24,6.06
-42.45823371077165,-88.16020940403385,Chuy,UY,47.91,93,0,8.63
-81.11980507874064,-6.8963197125229385,Ushuaia,AR,33.8,100,90,24.16
74.42618458390027,86.07753044509866,Dikson,RU,-2.36,100,20,18.7
79.02228412058219,39.502817995243134,Dikson,RU,-2.36,100,20,18.7
3.0817891584200083,143.30093100441434,Cotonou,BJ,80.6,88,40,4.7
-37.13949060800946,179.6331138875666,Laguna,BR,44.6,93,1,1.36
40.52309268149773,24.671732105732843,Bayburt,TR,32.97,90,92,3.15
-11.580211839261139,-101.24286810401497,Georgetown,SH,73.4,94,0,4.7
52.741313924954596,34.171852271224964,Totskoye,RU,32.74,94,80,9.42
-24.77265909692295,-0.7271317553271786,Caravelas,BR,77.74,98,24,17.81
-85.39826299069736,16.57611543854253,Ushuaia,AR,33.8,100,90,24.16
54.32748454311519,-46.894090639655275,Belebey,RU,32.52,98,92,9.86
50.458475690891476,-100.94880027866688,Ozinki,RU,29.14,94,68,11.21
-89.96383623650482,28.09749322308744,Ushuaia,AR,33.8,100,90,24.16
71.23935232424412,-95.75071850375835,Yar-Sale,RU,10.74,100,80,7.74
2.8335428068131137,-7.677319598975686,Cotonou,BJ,80.6,88,40,4.7
-43.970246014628536,56.32396604971814,Chuy,UY,47.91,93,0,8.63
-16.618479641335384,-112.36769287516412,Georgetown,SH,73.4,94,0,4.7
-83.606380402313,106.06819875222476,Ushuaia,AR,33.8,100,90,24.16
-57.640708095915095,-26.39671975241197,Ushuaia,AR,33.8,100,90,24.16
13.94187941034862,-71.33971634422899,Mao,TD,46.4,93,20,3.36
-82.36863873371948,-64.03485050618416,Ushuaia,AR,33.8,100,90,24.16
-24.734957251042076,125.2645302446092,Caravelas,BR,77.74,98,24,17.81
-29.24650390300755,-23.79305514404888,Sao Joao Da Barra,BR,77.07,96,32,27.65
-40.55263629743843,62.92803420031299,Cidreira,BR,58.26,86,0,10.2
-53.636316652168524,35.20825253589257,Ushuaia,AR,33.8,100,90,24.16
-12.461219501264566,100.53470918971004,Georgetown,SH,73.4,94,0,4.7
-51.82296909648694,111.64408498030724,Mar Del Plata,AR,53.6,58,0,17.22
-54.55164715912447,44.86076815807667,Ushuaia,AR,33.8,100,90,24.16
-43.514842260337815,74.00928077930664,Chuy,UY,47.91,93,0,8.63
-29.01130506825163,98.79330416927974,Sao Joao Da Barra,BR,77.07,96,32,27.65
72.53727776928335,-84.49587204987162,Yar-Sale,RU,10.74,100,80,7.74
0.9010502351320184,-63.74259342121677,Mumford,GH,75.0,94,20,4.61
-85.03730481567801,167.6444085489702,Ushuaia,AR,33.8,100,90,24.16
53.82140841191489,-172.72873581099293,Priyutovo,RU,32.52,98,92,9.86
-44.474808480858094,62.063172793510205,Chuy,UY,47.91,93,0,8.63
-24.312571122728173,-3.660379510652291,Caravelas,BR,77.74,98,24,17.81
-67.09297874278752,64.05091460742773,Ushuaia,AR,33.8,100,90,24.16
26.248303849232343,-142.6421682422267,Matay,EG,58.03,90,0,4.83
25.970605325955674,-76.9053363959225,Abnub,EG,60.8,67,8,9.17
-74.25663623324829,87.8249965696798,Ushuaia,AR,33.8,100,90,24.16
-8.389767026886233,77.88305400659743,Georgetown,SH,73.4,94,0,4.7
34.640302717486236,176.91651223618595,Paralimni,CY,67.89,56,20,2.24
16.2462517067261,155.1782273406762,Mao,TD,46.4,93,20,3.36
57.545891751745614,-164.22759819024844,Ust-Kishert,RU,30.13,89,80,10.2
-26.414081557252054,103.36823556948724,Vila Velha,BR,77.0,73,0,11.41
-44.18012442050522,164.62135358929407,Chuy,UY,47.91,93,0,8.63
-46.37088175021966,119.5001382739776,Mar Del Plata,AR,53.6,58,0,17.22
-25.764133078271797,47.57999267241982,Vila Velha,BR,77.0,73,0,11.41
75.31062429028094,62.75602219777264,Dikson,RU,-2.36,100,20,18.7
-36.95643023867163,11.885554179269349,Laguna,BR,44.6,93,1,1.36
-15.311810324908706,122.31682856703361,Georgetown,SH,73.4,94,0,4.7
80.51970362481907,177.829959410551,Dikson,RU,-2.36,100,20,18.7
-1.0063226606640825,66.61676887256462,Takoradi,GH,78.24,100,24,6.06
-8.45847129607182,37.19304669253529,Georgetown,SH,73.4,94,0,4.7
-83.2251170745994,-26.40106883596883,Ushuaia,AR,33.8,100,90,24.16
62.429309435281795,-59.02473557991348,Agirish,RU,25.99,88,88,5.28
-86.97832720764225,-56.116238171965506,Ushuaia,AR,33.8,100,90,24.16
-64.77637220367866,-17.980977643548812,Ushuaia,AR,33.8,100,90,24.16
35.22267518399792,95.26695410728365,Jablah,SY,73.4,43,40,4.7
-19.341435523798296,-52.60263956546771,Georgetown,SH,73.4,94,0,4.7
-62.954966282994235,-111.88047032588338,Ushuaia,AR,33.8,100,90,24.16
63.19809896091698,166.44892595701248,Igrim,RU,20.73,90,76,3.94
63.40936792261408,-44.881931948830925,Igrim,RU,20.73,90,76,3.94
-51.98580222727597,-119.03886269345406,Necochea,AR,52.63,76,80,18.25
-25.391005030589383,46.99674827761123,Vila Velha,BR,77.0,73,0,11.41
44.95411438281826,111.92707224747414,Urozhaynoye,RU,47.73,98,20,6.73
-14.47480043548535,137.3025497202019,Georgetown,SH,73.4,94,0,4.7
-30.46075202726285,-159.55124881462189,Arraial Do Cabo,BR,76.17,84,36,18.37
-72.97320353846233,128.64490026964893,Ushuaia,AR,33.8,100,90,24.16
45.04084260825192,118.85567073139049,Urozhaynoye,RU,47.73,98,20,6.73
-5.142142629910651,125.67952299210197,Georgetown,SH,73.4,94,0,4.7
48.4346360127189,49.809044926735936,Tambovka,RU,3.2,38,0,8.95
67.78777989648484,-1.3060613526126303,Aksarka,RU,15.06,88,80,6.06
-88.92557177500737,-87.80576973591249,Ushuaia,AR,33.8,100,90,24.16
45.953560185105886,22.123828138391502,Komsomolskiy,RU,45.75,57,0,2.93
-45.137078394929425,136.6682670764933,Rocha,UY,42.78,62,0,7.85
-51.683426025075775,-178.6930248238272,Mar Del Plata,AR,53.6,58,0,17.22
11.832504663457541,131.7690746202046,Damaturu,NG,70.77,32,0,9.86
-35.491037591417594,-33.79393371266531,Arraial Do Cabo,BR,76.17,84,36,18.37
57.16414536513096,126.5523743077477,Ust-Kishert,RU,30.13,89,80,10.2
-36.56454378548535,113.0131793363251,Laguna,BR,44.6,93,1,1.36
-52.6668823815345,25.652253643594236,Necochea,AR,52.63,76,80,18.25
49.09420178783128,37.36186206559785,Aleksandrov Gay,RU,29.91,94,56,12.88
-16.54644335792628,-71.96243851325956,Georgetown,SH,73.4,94,0,4.7
-16.16070598590143,-115.95148447953444,Georgetown,SH,73.4,94,0,4.7
87.71134721807616,40.88355470464239,Dikson,RU,-2.36,100,20,18.7
-6.3907561558678765,-73.90856950057344,Georgetown,SH,73.4,94,0,4.7
-40.69829653771186,-125.45554849305799,Cidreira,BR,58.26,86,0,10.2
-79.3970177977015,27.523485748569527,Ushuaia,AR,33.8,100,90,24.16
66.00236461304914,79.67231434648454,Labytnangi,RU,14.83,88,80,6.51
-59.413753321296696,-72.48069382568528,Ushuaia,AR,33.8,100,90,24.16
-68.4135388857344,87.04700965273429,Ushuaia,AR,33.8,100,90,24.16
38.13203338431373,27.12994519534473,Malatya,TR,51.8,62,75,2.24
75.66583910242267,-136.4703375943265,Dikson,RU,-2.36,100,20,18.7
47.861412373613916,-81.96310087994279,Tambovka,RU,3.2,38,0,8.95
-51.589851571585406,86.78994232466266,Mar Del Plata,AR,53.6,58,0,17.22
-82.01776460928983,-65.38118585672991,Ushuaia,AR,33.8,100,90,24.16
27.30591532330378,-5.019022541424306,Matay,EG,58.03,90,0,4.83
77.4509199841678,-120.0031434977657,Dikson,RU,-2.36,100,20,18.7
55.050495648406354,-113.22314482032803,Alekseyevka,RU,35.04,98,92,8.08
-62.728271381697766,51.17114573680439,Ushuaia,AR,33.8,100,90,24.16
-80.21440742622553,-136.14462674698154,Ushuaia,AR,33.8,100,90,24.16
-30.77264205613873,-121.1139493542662,Arraial Do Cabo,BR,76.17,84,36,18.37
-11.754421134986103,47.89923300969264,Georgetown,SH,73.4,94,0,4.7
68.02800434310743,-28.235523600385932,Aksarka,RU,15.06,88,80,6.06
37.3232691399441,177.96492826838318,Gaziantep,TR,57.2,50,75,6.93
8.012057852602041,51.0826911333136,Makurdi,NG,76.84,86,0,8.75
-74.31615276766505,2.2247210496081493,Ushuaia,AR,33.8,100,90,24.16
-4.633801265857983,-141.87676274727423,Tabou,CI,78.51,100,64,7.4
-8.166901709190554,-0.3332713969638519,Georgetown,SH,73.4,94,0,4.7
82.84557472355377,-70.396025578934,Dikson,RU,-2.36,100,20,18.7
-67.74312352713497,165.08770428289517,Ushuaia,AR,33.8,100,90,24.16
-64.55816807228757,-33.60568231516902,Ushuaia,AR,33.8,100,90,24.16
-5.471232504955054,73.17355230100301,Georgetown,SH,73.4,94,0,4.7
-62.05255082877407,-156.12022883996073,Ushuaia,AR,33.8,100,90,24.16
89.31867376666958,-7.459095606064039,Dikson,RU,-2.36,100,20,18.7
45.894399414887516,32.72990600297487,Komsomolskiy,RU,45.75,57,0,2.93
70.81503031835621,81.26400013962655,Yar-Sale,RU,10.74,100,80,7.74
-62.48916960405812,145.7390332049559,Ushuaia,AR,33.8,100,90,24.16
84.28643496894003,-55.593112071330424,Dikson,RU,-2.36,100,20,18.7
45.822088383169785,-98.84198528564025,Komsomolskiy,RU,45.75,57,0,2.93
64.27781404958486,-12.606904748831539,Igrim,RU,20.73,90,76,3.94
47.08658969777889,129.4756235558683,Yenotayevka,RU,43.32,98,88,15.46
71.66472886583546,91.6591642700979,Yar-Sale,RU,10.74,100,80,7.74
-78.0823876669094,-95.57912161767536,Ushuaia,AR,33.8,100,90,24.16
81.71984658761235,-40.74320511412745,Dikson,RU,-2.36,100,20,18.7
-61.21215890861886,-115.21304601730995,Ushuaia,AR,33.8,100,90,24.16
43.191730377940075,58.23545009034751,Chegem,RU,29.55,56,20,2.15
62.371916501702486,169.60464845394654,Agirish,RU,25.99,88,88,5.28
-68.29459462003294,93.75507251363246,Ushuaia,AR,33.8,100,90,24.16
-68.37408376612517,60.862389503626076,Ushuaia,AR,33.8,100,90,24.16
75.06947573061527,62.00489233900362,Dikson,RU,-2.36,100,20,18.7
13.091663815063086,25.992329287299953,Diffa,NE,72.12,28,0,10.98
-63.491669777271724,35.80822430838265,Ushuaia,AR,33.8,100,90,24.16
16.028517005024796,139.74875303336995,Mao,TD,46.4,93,20,3.36
39.16509342382952,158.9908860048493,Tunceli,TR,53.55,41,75,9.17
-32.56616542154088,78.39852744739522,Arraial Do Cabo,BR,76.17,84,36,18.37
-68.38638084302315,58.91505564725003,Ushuaia,AR,33.8,100,90,24.16
-38.84037452875396,-118.11380433744796,Cidreira,BR,58.26,86,0,10.2
-21.713465827682228,-6.85206715245323,Georgetown,SH,73.4,94,0,4.7
10.621721974695248,-113.57878758973642,Duku,NG,69.15,65,8,2.59
-89.23039345100608,-137.7702870807546,Ushuaia,AR,33.8,100,90,24.16
80.33514870691658,93.44492867803058,Dikson,RU,-2.36,100,20,18.7
-43.93175323726163,152.25386730727269,Chuy,UY,47.91,93,0,8.63
41.362670184695446,111.42004223638861,Ardesen,TR,64.4,34,0,24.16
-67.68560277311641,12.336233324896114,Ushuaia,AR,33.8,100,90,24.16
-89.87182844632389,-90.02663156527102,Ushuaia,AR,33.8,100,90,24.16
3.6799757244296956,-4.320674057492823,Warri,NG,76.71,89,44,7.74
46.662299929370164,20.30567541332914,Yenotayevka,RU,43.32,98,88,15.46
-82.13683602394067,-137.52676366839106,Ushuaia,AR,33.8,100,90,24.16
2.3831639568351903,143.06185140920854,Anloga,GH,78.8,94,20,5.82
40.50237309279362,33.58182317256919,Bayburt,TR,32.97,90,92,3.15
-76.29772645505994,169.22277320235867,Ushuaia,AR,33.8,100,90,24.16
-63.225933276571055,85.96987815516758,Ushuaia,AR,33.8,100,90,24.16
85.25513296662197,58.62683810894546,Dikson,RU,-2.36,100,20,18.7
-15.156355620973684,52.116885991344134,Georgetown,SH,73.4,94,0,4.7
-27.773379674834104,-157.27927305205847,Vila Velha,BR,77.0,73,0,11.41
27.846853896004433,-160.16021279752965,Matay,EG,58.03,90,0,4.83
80.48937336628404,-52.3932255195581,Dikson,RU,-2.36,100,20,18.7
-68.09496115503,-162.78998058629128,Ushuaia,AR,33.8,100,90,24.16
-61.56601262466964,-82.87436013542117,Ushuaia,AR,33.8,100,90,24.16
-72.49836647264308,52.60318979724951,Ushuaia,AR,33.8,100,90,24.16
74.48637869664145,55.58279622023943,Dikson,RU,-2.36,100,20,18.7
10.935966739154722,-80.99730607612817,Duku,NG,69.15,65,8,2.59
-60.22521289517543,111.65008337580383,Ushuaia,AR,33.8,100,90,24.16
36.81377867208501,-39.11927834995356,Islahiye,TR,57.2,62,75,17.22
-16.464949444310633,40.04219370671632,Georgetown,SH,73.4,94,0,4.7
71.89623309612293,129.68799079743218,Yar-Sale,RU,10.74,100,80,7.74
-35.71241606838905,-154.43296292278177,Arraial Do Cabo,BR,76.17,84,36,18.37
32.62787354185767,31.331325683766465,Port Said,EG,69.8,83,40,8.05
-3.02609737748314,9.886667971572905,Axim,GH,79.86,100,20,7.74
-78.75094129173664,116.92919093650875,Ushuaia,AR,33.8,100,90,24.16
42.94492123360101,6.977130821019671,Mestia,GE,21.45,63,36,1.14
-35.570613891114775,-150.27443148687357,Arraial Do Cabo,BR,76.17,84,36,18.37
-8.959086612251895,-151.4836466468212,Georgetown,SH,73.4,94,0,4.7
-8.498875309668463,-53.955132352454115,Georgetown,SH,73.4,94,0,4.7
88.2678039270726,-163.8112505105954,Dikson,RU,-2.36,100,20,18.7
71.98182720826162,160.31868900216466,Yar-Sale,RU,10.74,100,80,7.74
-39.93985331950318,134.73426979710638,Cidreira,BR,58.26,86,0,10.2
-33.291560541647286,-104.96789270689806,Arraial Do Cabo,BR,76.17,84,36,18.37
-84.33671126396779,6.66940033376477,Ushuaia,AR,33.8,100,90,24.16
86.41834219283069,44.822990803142716,Dikson,RU,-2.36,100,20,18.7
31.819719106828643,-149.88168166512676,Damietta,EG,69.8,83,40,8.05
